#pragma once

#include <stdint.h>

/* Generated from Meedori Sans Regular by tools/generate_bitmap_font.py. */
#define SHARE_TECH_MONO_FIRST_CHAR 32
#define SHARE_TECH_MONO_LAST_CHAR  122
#define SHARE_TECH_MONO_DEGREE_INDEX 91

typedef struct {
    uint8_t width;
    uint8_t height;
    uint8_t stride;
    const uint8_t *data;
} bitmap_font_t;

static const uint8_t s_share_tech_mono_status_data[3128] = {
    0x00, 0x00, 0x00, 0x00, 0x00, 0x00, 0x00, 0x00, 0x00, 0x00, 0x00, 0x00, 0x00, 0x00, 0x00, 0x00,
    0x00, 0x00, 0x00, 0x00, 0x00, 0x00, 0x00, 0x00, 0x00, 0x00, 0x00, 0x00, 0x00, 0x00, 0x00, 0x00,
    0x00, 0x00, 0x00, 0x00, 0x40, 0x00, 0x40, 0x00, 0x40, 0x00, 0x40, 0x00, 0x40, 0x00, 0x40, 0x00,
    0x40, 0x00, 0x40, 0x00, 0x40, 0x00, 0x40, 0x00, 0x40, 0x00, 0x00, 0x00, 0x40, 0x00, 0x40, 0x00,
    0x00, 0x00, 0x00, 0x00, 0x00, 0x00, 0x60, 0x00, 0x60, 0x00, 0x60, 0x00, 0x60, 0x00, 0x60, 0x00,
    0x00, 0x00, 0x00, 0x00, 0x00, 0x00, 0x00, 0x00, 0x00, 0x00, 0x00, 0x00, 0x00, 0x00, 0x00, 0x00,
    0x00, 0x00, 0x00, 0x00, 0x00, 0x00, 0x00, 0x00, 0x10, 0x00, 0x12, 0x00, 0x7f, 0x80, 0x7f, 0x80,
    0x02, 0x00, 0x02, 0x00, 0x26, 0x00, 0x24, 0x00, 0x24, 0x00, 0x7f, 0x00, 0x7f, 0x00, 0x24, 0x00,
    0x04, 0x00, 0x00, 0x00, 0x00, 0x00, 0x00, 0x00, 0x10, 0x00, 0x10, 0x00, 0x38, 0x00, 0x54, 0x00,
    0x50, 0x00, 0x50, 0x00, 0x50, 0x00, 0x70, 0x00, 0x38, 0x00, 0x08, 0x00, 0x14, 0x00, 0x14, 0x00,
    0x14, 0x00, 0x58, 0x00, 0x78, 0x00, 0x10, 0x00, 0x10, 0x00, 0x00, 0x00, 0x60, 0x00, 0x06, 0x00,
    0x14, 0x00, 0x18, 0x00, 0x08, 0x00, 0x60, 0x00, 0x10, 0x00, 0x10, 0x00, 0x0c, 0x00, 0x2a, 0x00,
    0x22, 0x00, 0x02, 0x00, 0x4a, 0x00, 0x0c, 0x00, 0x00, 0x00, 0x00, 0x00, 0x00, 0x00, 0x10, 0x00,
    0x38, 0x00, 0x28, 0x00, 0x28, 0x00, 0x28, 0x00, 0x38, 0x00, 0x38, 0x00, 0x48, 0x00, 0x4c, 0x00,
    0x4e, 0x00, 0x4e, 0x00, 0x4a, 0x00, 0x79, 0x00, 0x31, 0x00, 0x00, 0x00, 0x00, 0x00, 0x00, 0x00,
    0x40, 0x00, 0x40, 0x00, 0x40, 0x00, 0x40, 0x00, 0x40, 0x00, 0x40, 0x00, 0x00, 0x00, 0x00, 0x00,
    0x00, 0x00, 0x00, 0x00, 0x00, 0x00, 0x00, 0x00, 0x00, 0x00, 0x00, 0x00, 0x00, 0x00, 0x00, 0x00,
    0x00, 0x00, 0x20, 0x00, 0x00, 0x00, 0x40, 0x00, 0x40, 0x00, 0x40, 0x00, 0x40, 0x00, 0x40, 0x00,
    0x40, 0x00, 0x40, 0x00, 0x40, 0x00, 0x40, 0x00, 0x40, 0x00, 0x00, 0x00, 0x20, 0x00, 0x00, 0x00,
    0x00, 0x00, 0x00, 0x00, 0x40, 0x00, 0x40, 0x00, 0x40, 0x00, 0x40, 0x00, 0x40, 0x00, 0x40, 0x00,
    0x40, 0x00, 0x00, 0x00, 0x40, 0x00, 0x40, 0x00, 0x40, 0x00, 0x40, 0x00, 0x40, 0x00, 0x40, 0x00,
    0x00, 0x00, 0x00, 0x00, 0x00, 0x00, 0x20, 0x00, 0x70, 0x00, 0x20, 0x00, 0x70, 0x00, 0x20, 0x00,
    0x70, 0x00, 0x20, 0x00, 0x00, 0x00, 0x00, 0x00, 0x00, 0x00, 0x00, 0x00, 0x00, 0x00, 0x00, 0x00,
    0x00, 0x00, 0x00, 0x00, 0x00, 0x00, 0x00, 0x00, 0x00, 0x00, 0x00, 0x00, 0x00, 0x00, 0x00, 0x00,
    0x20, 0x00, 0x20, 0x00, 0x20, 0x00, 0x78, 0x00, 0x78, 0x00, 0x20, 0x00, 0x20, 0x00, 0x00, 0x00,
    0x00, 0x00, 0x00, 0x00, 0x00, 0x00, 0x00, 0x00, 0x00, 0x00, 0x00, 0x00, 0x00, 0x00, 0x00, 0x00,
    0x00, 0x00, 0x00, 0x00, 0x00, 0x00, 0x00, 0x00, 0x00, 0x00, 0x00, 0x00, 0x00, 0x00, 0x00, 0x00,
    0x00, 0x00, 0x40, 0x00, 0x40, 0x00, 0x00, 0x00, 0x80, 0x00, 0x00, 0x00, 0x00, 0x00, 0x00, 0x00,
    0x00, 0x00, 0x00, 0x00, 0x00, 0x00, 0x00, 0x00, 0x00, 0x00, 0x70, 0x00, 0x60, 0x00, 0x00, 0x00,
    0x00, 0x00, 0x00, 0x00, 0x00, 0x00, 0x00, 0x00, 0x00, 0x00, 0x00, 0x00, 0x00, 0x00, 0x00, 0x00,
    0x00, 0x00, 0x00, 0x00, 0x00, 0x00, 0x00, 0x00, 0x00, 0x00, 0x00, 0x00, 0x00, 0x00, 0x00, 0x00,
    0x00, 0x00, 0x00, 0x00, 0x00, 0x00, 0x80, 0x00, 0x80, 0x00, 0x00, 0x00, 0x00, 0x00, 0x00, 0x00,
    0x08, 0x00, 0x00, 0x00, 0x10, 0x00, 0x10, 0x00, 0x10, 0x00, 0x00, 0x00, 0x20, 0x00, 0x20, 0x00,
    0x20, 0x00, 0x20, 0x00, 0x00, 0x00, 0x40, 0x00, 0x40, 0x00, 0x40, 0x00, 0x00, 0x00, 0x00, 0x00,
    0x00, 0x00, 0x38, 0x00, 0x38, 0x00, 0x6c, 0x00, 0x46, 0x00, 0x46, 0x00, 0x46, 0x00, 0x46, 0x00,
    0x46, 0x00, 0x46, 0x00, 0x46, 0x00, 0x46, 0x00, 0x6c, 0x00, 0x38, 0x00, 0x38, 0x00, 0x00, 0x00,
    0x00, 0x00, 0x00, 0x00, 0x20, 0x00, 0x20, 0x00, 0x60, 0x00, 0x60, 0x00, 0x20, 0x00, 0x20, 0x00,
    0x20, 0x00, 0x20, 0x00, 0x20, 0x00, 0x20, 0x00, 0x20, 0x00, 0x20, 0x00, 0x20, 0x00, 0x20, 0x00,
    0x00, 0x00, 0x00, 0x00, 0x00, 0x00, 0x30, 0x00, 0x70, 0x00, 0x58, 0x00, 0x08, 0x00, 0x08, 0x00,
    0x00, 0x00, 0x10, 0x00, 0x10, 0x00, 0x00, 0x00, 0x20, 0x00, 0x00, 0x00, 0x40, 0x00, 0x78, 0x00,
    0x78, 0x00, 0x00, 0x00, 0x00, 0x00, 0x00, 0x00, 0x60, 0x00, 0x70, 0x00, 0x18, 0x00, 0x08, 0x00,
    0x08, 0x00, 0x18, 0x00, 0x30, 0x00, 0x38, 0x00, 0x08, 0x00, 0x08, 0x00, 0x48, 0x00, 0x48, 0x00,
    0x78, 0x00, 0x30, 0x00, 0x00, 0x00, 0x00, 0x00, 0x00, 0x00, 0x08, 0x00, 0x08, 0x00, 0x18, 0x00,
    0x18, 0x00, 0x18, 0x00, 0x28, 0x00, 0x28, 0x00, 0x08, 0x00, 0x48, 0x00, 0x48, 0x00, 0x7e, 0x00,
    0x7e, 0x00, 0x08, 0x00, 0x08, 0x00, 0x00, 0x00, 0x00, 0x00, 0x00, 0x00, 0x38, 0x00, 0x38, 0x00,
    0x00, 0x00, 0x40, 0x00, 0x40, 0x00, 0x70, 0x00, 0x78, 0x00, 0x48, 0x00, 0x04, 0x00, 0x44, 0x00,
    0x44, 0x00, 0x48, 0x00, 0x38, 0x00, 0x30, 0x00, 0x00, 0x00, 0x00, 0x00, 0x00, 0x00, 0x10, 0x00,
    0x10, 0x00, 0x00, 0x00, 0x20, 0x00, 0x20, 0x00, 0x30, 0x00, 0x78, 0x00, 0x48, 0x00, 0x48, 0x00,
    0x48, 0x00, 0x48, 0x00, 0x48, 0x00, 0x78, 0x00, 0x30, 0x00, 0x00, 0x00, 0x00, 0x00, 0x00, 0x00,
    0x78, 0x00, 0x78, 0x00, 0x08, 0x00, 0x00, 0x00, 0x00, 0x00, 0x10, 0x00, 0x10, 0x00, 0x00, 0x00,
    0x00, 0x00, 0x20, 0x00, 0x20, 0x00, 0x20, 0x00, 0x00, 0x00, 0x40, 0x00, 0x00, 0x00, 0x00, 0x00,
    0x00, 0x00, 0x30, 0x00, 0x38, 0x00, 0x28, 0x00, 0x28, 0x00, 0x28, 0x00, 0x30, 0x00, 0x38, 0x00,
    0x48, 0x00, 0x44, 0x00, 0x44, 0x00, 0x44, 0x00, 0x48, 0x00, 0x78, 0x00, 0x30, 0x00, 0x00, 0x00,
    0x00, 0x00, 0x00, 0x00, 0x30, 0x00, 0x78, 0x00, 0x48, 0x00, 0x48, 0x00, 0x48, 0x00, 0x48, 0x00,
    0x48, 0x00, 0x38, 0x00, 0x10, 0x00, 0x10, 0x00, 0x10, 0x00, 0x00, 0x00, 0x20, 0x00, 0x20, 0x00,
    0x00, 0x00, 0x00, 0x00, 0x00, 0x00, 0x00, 0x00, 0x00, 0x00, 0x00, 0x00, 0x00, 0x00, 0x00, 0x00,
    0x40, 0x00, 0x40, 0x00, 0x00, 0x00, 0x00, 0x00, 0x00, 0x00, 0x00, 0x00, 0x00, 0x00, 0x40, 0x00,
    0x40, 0x00, 0x00, 0x00, 0x00, 0x00, 0x00, 0x00, 0x00, 0x00, 0x00, 0x00, 0x00, 0x00, 0x00, 0x00,
    0x00, 0x00, 0x40, 0x00, 0x40, 0x00, 0x00, 0x00, 0x00, 0x00, 0x00, 0x00, 0x00, 0x00, 0x00, 0x00,
    0x40, 0x00, 0x40, 0x00, 0x40, 0x00, 0x00, 0x00, 0x00, 0x00, 0x00, 0x00, 0x00, 0x00, 0x00, 0x00,
    0x00, 0x00, 0x10, 0x00, 0x10, 0x00, 0x20, 0x00, 0x20, 0x00, 0x40, 0x00, 0x20, 0x00, 0x20, 0x00,
    0x10, 0x00, 0x10, 0x00, 0x00, 0x00, 0x00, 0x00, 0x00, 0x00, 0x00, 0x00, 0x00, 0x00, 0x00, 0x00,
    0x00, 0x00, 0x00, 0x00, 0x00, 0x00, 0x78, 0x00, 0x78, 0x00, 0x00, 0x00, 0x78, 0x00, 0x78, 0x00,
    0x00, 0x00, 0x00, 0x00, 0x00, 0x00, 0x00, 0x00, 0x00, 0x00, 0x00, 0x00, 0x00, 0x00, 0x00, 0x00,
    0x00, 0x00, 0x00, 0x00, 0x00, 0x00, 0x40, 0x00, 0x40, 0x00, 0x20, 0x00, 0x00, 0x00, 0x10, 0x00,
    0x00, 0x00, 0x20, 0x00, 0x40, 0x00, 0x40, 0x00, 0x00, 0x00, 0x00, 0x00, 0x00, 0x00, 0x00, 0x00,
    0x30, 0x00, 0x78, 0x00, 0x48, 0x00, 0x48, 0x00, 0x08, 0x00, 0x08, 0x00, 0x08, 0x00, 0x30, 0x00,
    0x20, 0x00, 0x20, 0x00, 0x20, 0x00, 0x00, 0x00, 0x20, 0x00, 0x20, 0x00, 0x00, 0x00, 0x00, 0x00,
    0x00, 0x00, 0x1e, 0x00, 0x26, 0x00, 0x21, 0x00, 0x59, 0x00, 0x5d, 0x00, 0x55, 0x00, 0x55, 0x00,
    0x55, 0x00, 0x5f, 0x00, 0x47, 0x00, 0x23, 0x00, 0x20, 0x00, 0x18, 0x00, 0x00, 0x00, 0x00, 0x00,
    0x00, 0x00, 0x00, 0x00, 0x10, 0x00, 0x10, 0x00, 0x10, 0x00, 0x18, 0x00, 0x18, 0x00, 0x08, 0x00,
    0x20, 0x00, 0x24, 0x00, 0x24, 0x00, 0x06, 0x00, 0x42, 0x00, 0x42, 0x00, 0x40, 0x00, 0x01, 0x00,
    0x00, 0x00, 0x00, 0x00, 0x00, 0x00, 0x78, 0x00, 0x78, 0x00, 0x0c, 0x00, 0x04, 0x00, 0x04, 0x00,
    0x08, 0x00, 0x78, 0x00, 0x7e, 0x00, 0x06, 0x00, 0x02, 0x00, 0x02, 0x00, 0x06, 0x00, 0x3e, 0x00,
    0x3c, 0x00, 0x00, 0x00, 0x00, 0x00, 0x00, 0x00, 0x18, 0x00, 0x3c, 0x00, 0x66, 0x00, 0x40, 0x00,
    0x40, 0x00, 0x80, 0x00, 0x80, 0x00, 0x80, 0x00, 0x80, 0x00, 0x40, 0x00, 0x40, 0x00, 0x66, 0x00,
    0x3c, 0x00, 0x18, 0x00, 0x00, 0x00, 0x00, 0x00, 0x00, 0x00, 0x70, 0x00, 0x78, 0x00, 0x0c, 0x00,
    0x06, 0x00, 0x06, 0x00, 0x02, 0x00, 0x02, 0x00, 0x02, 0x00, 0x02, 0x00, 0x06, 0x00, 0x06, 0x00,
    0x0c, 0x00, 0x78, 0x00, 0x70, 0x00, 0x00, 0x00, 0x00, 0x00, 0x00, 0x00, 0x7c, 0x00, 0x7c, 0x00,
    0x00, 0x00, 0x00, 0x00, 0x00, 0x00, 0x00, 0x00, 0x78, 0x00, 0x78, 0x00, 0x00, 0x00, 0x00, 0x00,
    0x00, 0x00, 0x00, 0x00, 0x7c, 0x00, 0x7c, 0x00, 0x00, 0x00, 0x00, 0x00, 0x00, 0x00, 0x7c, 0x00,
    0x7c, 0x00, 0x00, 0x00, 0x00, 0x00, 0x00, 0x00, 0x00, 0x00, 0x78, 0x00, 0x78, 0x00, 0x40, 0x00,
    0x40, 0x00, 0x40, 0x00, 0x40, 0x00, 0x40, 0x00, 0x40, 0x00, 0x00, 0x00, 0x00, 0x00, 0x00, 0x00,
    0x18, 0x00, 0x3e, 0x00, 0x26, 0x00, 0x40, 0x00, 0x40, 0x00, 0x40, 0x00, 0x40, 0x00, 0x46, 0x00,
    0x46, 0x00, 0x02, 0x00, 0x02, 0x00, 0x02, 0x00, 0x02, 0x00, 0x02, 0x00, 0x00, 0x00, 0x00, 0x00,
    0x00, 0x00, 0x06, 0x00, 0x06, 0x00, 0x06, 0x00, 0x06, 0x00, 0x06, 0x00, 0x06, 0x00, 0x7e, 0x00,
    0x7e, 0x00, 0x46, 0x00, 0x46, 0x00, 0x46, 0x00, 0x46, 0x00, 0x46, 0x00, 0x46, 0x00, 0x00, 0x00,
    0x00, 0x00, 0x00, 0x00, 0x40, 0x00, 0x40, 0x00, 0x40, 0x00, 0x40, 0x00, 0x40, 0x00, 0x40, 0x00,
    0x40, 0x00, 0x40, 0x00, 0x40, 0x00, 0x40, 0x00, 0x40, 0x00, 0x40, 0x00, 0x40, 0x00, 0x40, 0x00,
    0x00, 0x00, 0x00, 0x00, 0x00, 0x00, 0x20, 0x00, 0x20, 0x00, 0x20, 0x00, 0x20, 0x00, 0x20, 0x00,
    0x20, 0x00, 0x20, 0x00, 0x20, 0x00, 0x20, 0x00, 0x20, 0x00, 0x20, 0x00, 0x20, 0x00, 0x40, 0x00,
    0x40, 0x00, 0x00, 0x00, 0x00, 0x00, 0x00, 0x00, 0x08, 0x00, 0x10, 0x00, 0x10, 0x00, 0x20, 0x00,
    0x20, 0x00, 0x40, 0x00, 0x40, 0x00, 0x40, 0x00, 0x00, 0x00, 0x20, 0x00, 0x00, 0x00, 0x10, 0x00,
    0x10, 0x00, 0x08, 0x00, 0x00, 0x00, 0x00, 0x00, 0x00, 0x00, 0x80, 0x00, 0x80, 0x00, 0x80, 0x00,
    0x80, 0x00, 0x80, 0x00, 0x80, 0x00, 0x80, 0x00, 0x80, 0x00, 0x80, 0x00, 0x80, 0x00, 0x80, 0x00,
    0x80, 0x00, 0xf8, 0x00, 0xf8, 0x00, 0x00, 0x00, 0x00, 0x00, 0x00, 0x00, 0x40, 0x00, 0x40, 0x80,
    0x60, 0x80, 0x51, 0x80, 0x52, 0x80, 0x4e, 0x80, 0x4c, 0x80, 0x40, 0x80, 0x40, 0x80, 0x40, 0x80,
    0x40, 0x80, 0x40, 0x80, 0x40, 0x80, 0x40, 0x00, 0x00, 0x00, 0x00, 0x00, 0x00, 0x00, 0x41, 0x00,
    0x41, 0x00, 0x41, 0x00, 0x61, 0x00, 0x41, 0x00, 0x51, 0x00, 0x41, 0x00, 0x49, 0x00, 0x41, 0x00,
    0x45, 0x00, 0x43, 0x00, 0x41, 0x00, 0x41, 0x00, 0x41, 0x00, 0x00, 0x00, 0x00, 0x00, 0x00, 0x00,
    0x1c, 0x00, 0x3e, 0x00, 0x26, 0x00, 0x41, 0x00, 0x41, 0x00, 0x41, 0x00, 0x41, 0x00, 0x41, 0x00,
    0x41, 0x00, 0x41, 0x00, 0x41, 0x00, 0x26, 0x00, 0x3e, 0x00, 0x1c, 0x00, 0x00, 0x00, 0x00, 0x00,
    0x00, 0x00, 0x7c, 0x00, 0x7e, 0x00, 0x06, 0x00, 0x02, 0x00, 0x02, 0x00, 0x06, 0x00, 0x7e, 0x00,
    0x7c, 0x00, 0x40, 0x00, 0x40, 0x00, 0x40, 0x00, 0x40, 0x00, 0x40, 0x00, 0x40, 0x00, 0x00, 0x00,
    0x00, 0x00, 0x00, 0x00, 0x1c, 0x00, 0x3e, 0x00, 0x26, 0x00, 0x63, 0x00, 0x41, 0x00, 0x41, 0x00,
    0x41, 0x00, 0x41, 0x00, 0x41, 0x00, 0x41, 0x00, 0x41, 0x00, 0x22, 0x00, 0x26, 0x00, 0x1c, 0x00,
    0x04, 0x00, 0x06, 0x00, 0x00, 0x00, 0x7c, 0x00, 0x7e, 0x00, 0x06, 0x00, 0x02, 0x00, 0x02, 0x00,
    0x06, 0x00, 0x7e, 0x00, 0x7c, 0x00, 0x08, 0x00, 0x08, 0x00, 0x04, 0x00, 0x06, 0x00, 0x06, 0x00,
    0x06, 0x00, 0x00, 0x00, 0x00, 0x00, 0x00, 0x00, 0x30, 0x00, 0x78, 0x00, 0x48, 0x00, 0x40, 0x00,
    0x40, 0x00, 0x40, 0x00, 0x20, 0x00, 0x18, 0x00, 0x08, 0x00, 0x08, 0x00, 0x08, 0x00, 0x48, 0x00,
    0x78, 0x00, 0x30, 0x00, 0x00, 0x00, 0x00, 0x00, 0x00, 0x00, 0x78, 0x00, 0x78, 0x00, 0x40, 0x00,
    0x40, 0x00, 0x40, 0x00, 0x40, 0x00, 0x40, 0x00, 0x40, 0x00, 0x40, 0x00, 0x40, 0x00, 0x40, 0x00,
    0x40, 0x00, 0x40, 0x00, 0x40, 0x00, 0x00, 0x00, 0x00, 0x00, 0x00, 0x00, 0x46, 0x00, 0x46, 0x00,
    0x46, 0x00, 0x46, 0x00, 0x46, 0x00, 0x46, 0x00, 0x46, 0x00, 0x46, 0x00, 0x46, 0x00, 0x46, 0x00,
    0x46, 0x00, 0x66, 0x00, 0x3c, 0x00, 0x38, 0x00, 0x00, 0x00, 0x00, 0x00, 0x00, 0x00, 0x80, 0x00,
    0x42, 0x00, 0x42, 0x00, 0x46, 0x00, 0x04, 0x00, 0x24, 0x00, 0x20, 0x00, 0x28, 0x00, 0x28, 0x00,
    0x08, 0x00, 0x18, 0x00, 0x10, 0x00, 0x10, 0x00, 0x10, 0x00, 0x00, 0x00, 0x00, 0x00, 0x00, 0x00,
    0x88, 0x20, 0x48, 0x20, 0x40, 0x20, 0x44, 0x00, 0x04, 0x40, 0x26, 0x40, 0x22, 0x40, 0x22, 0x40,
    0x00, 0x00, 0x11, 0x80, 0x11, 0x80, 0x11, 0x80, 0x00, 0x00, 0x00, 0x00, 0x00, 0x00, 0x00, 0x00,
    0x00, 0x00, 0x42, 0x00, 0x46, 0x00, 0x44, 0x00, 0x20, 0x00, 0x28, 0x00, 0x08, 0x00, 0x10, 0x00,
    0x10, 0x00, 0x08, 0x00, 0x28, 0x00, 0x20, 0x00, 0x44, 0x00, 0x46, 0x00, 0x42, 0x00, 0x00, 0x00,
    0x00, 0x00, 0x00, 0x00, 0x42, 0x00, 0x42, 0x00, 0x46, 0x00, 0x24, 0x00, 0x28, 0x00, 0x38, 0x00,
    0x18, 0x00, 0x10, 0x00, 0x10, 0x00, 0x10, 0x00, 0x10, 0x00, 0x10, 0x00, 0x10, 0x00, 0x10, 0x00,
    0x00, 0x00, 0x00, 0x00, 0x00, 0x00, 0x7e, 0x00, 0x7e, 0x00, 0x04, 0x00, 0x00, 0x00, 0x08, 0x00,
    0x08, 0x00, 0x00, 0x00, 0x10, 0x00, 0x00, 0x00, 0x20, 0x00, 0x20, 0x00, 0x00, 0x00, 0x7e, 0x00,
    0x7e, 0x00, 0x00, 0x00, 0x00, 0x00, 0x00, 0x00, 0x60, 0x00, 0x60, 0x00, 0x40, 0x00, 0x40, 0x00,
    0x40, 0x00, 0x40, 0x00, 0x40, 0x00, 0x40, 0x00, 0x40, 0x00, 0x40, 0x00, 0x40, 0x00, 0x40, 0x00,
    0x60, 0x00, 0x60, 0x00, 0x00, 0x00, 0x00, 0x00, 0x00, 0x00, 0x40, 0x00, 0x40, 0x00, 0x40, 0x00,
    0x00, 0x00, 0x20, 0x00, 0x20, 0x00, 0x20, 0x00, 0x20, 0x00, 0x00, 0x00, 0x10, 0x00, 0x10, 0x00,
    0x10, 0x00, 0x00, 0x00, 0x08, 0x00, 0x00, 0x00, 0x00, 0x00, 0x00, 0x00, 0x60, 0x00, 0x60, 0x00,
    0x20, 0x00, 0x20, 0x00, 0x20, 0x00, 0x20, 0x00, 0x20, 0x00, 0x20, 0x00, 0x20, 0x00, 0x20, 0x00,
    0x20, 0x00, 0x20, 0x00, 0x60, 0x00, 0x60, 0x00, 0x00, 0x00, 0x00, 0x00, 0x00, 0x00, 0x00, 0x00,
    0x00, 0x00, 0x00, 0x00, 0x00, 0x00, 0x00, 0x00, 0x00, 0x00, 0x00, 0x00, 0x00, 0x00, 0x00, 0x00,
    0x00, 0x00, 0x00, 0x00, 0x00, 0x00, 0x00, 0x00, 0x00, 0x00, 0x00, 0x00, 0x00, 0x00, 0x00, 0x00,
    0x00, 0x00, 0x00, 0x00, 0x00, 0x00, 0x00, 0x00, 0x00, 0x00, 0x00, 0x00, 0x00, 0x00, 0x00, 0x00,
    0x00, 0x00, 0x00, 0x00, 0x00, 0x00, 0x00, 0x00, 0x00, 0x00, 0x00, 0x00, 0x00, 0x00, 0x00, 0x00,
    0x00, 0x00, 0x00, 0x00, 0x00, 0x00, 0x00, 0x00, 0x00, 0x00, 0x00, 0x00, 0x00, 0x00, 0x00, 0x00,
    0x00, 0x00, 0x00, 0x00, 0x00, 0x00, 0x00, 0x00, 0x00, 0x00, 0x00, 0x00, 0x00, 0x00, 0x00, 0x00,
    0x00, 0x00, 0x00, 0x00, 0x10, 0x00, 0x10, 0x00, 0x10, 0x00, 0x18, 0x00, 0x18, 0x00, 0x08, 0x00,
    0x20, 0x00, 0x24, 0x00, 0x24, 0x00, 0x3e, 0x00, 0x7e, 0x00, 0x42, 0x00, 0x42, 0x00, 0x01, 0x00,
    0x00, 0x00, 0x00, 0x00, 0x00, 0x00, 0x78, 0x00, 0x78, 0x00, 0x4c, 0x00, 0x44, 0x00, 0x44, 0x00,
    0x48, 0x00, 0x78, 0x00, 0x7e, 0x00, 0x46, 0x00, 0x42, 0x00, 0x42, 0x00, 0x46, 0x00, 0x7e, 0x00,
    0x7c, 0x00, 0x00, 0x00, 0x00, 0x00, 0x00, 0x00, 0x18, 0x00, 0x3c, 0x00, 0x66, 0x00, 0x40, 0x00,
    0x40, 0x00, 0x80, 0x00, 0x80, 0x00, 0x80, 0x00, 0x80, 0x00, 0x40, 0x00, 0x40, 0x00, 0x66, 0x00,
    0x3c, 0x00, 0x18, 0x00, 0x00, 0x00, 0x00, 0x00, 0x00, 0x00, 0x78, 0x00, 0x7c, 0x00, 0x46, 0x00,
    0x46, 0x00, 0x43, 0x00, 0x41, 0x00, 0x41, 0x00, 0x41, 0x00, 0x41, 0x00, 0x42, 0x00, 0x42, 0x00,
    0x46, 0x00, 0x7c, 0x00, 0x78, 0x00, 0x00, 0x00, 0x00, 0x00, 0x00, 0x00, 0x7c, 0x00, 0x7c, 0x00,
    0x40, 0x00, 0x40, 0x00, 0x40, 0x00, 0x40, 0x00, 0x78, 0x00, 0x78, 0x00, 0x40, 0x00, 0x40, 0x00,
    0x40, 0x00, 0x40, 0x00, 0x7c, 0x00, 0x7c, 0x00, 0x00, 0x00, 0x00, 0x00, 0x00, 0x00, 0x7c, 0x00,
    0x7c, 0x00, 0x40, 0x00, 0x40, 0x00, 0x40, 0x00, 0x40, 0x00, 0x78, 0x00, 0x78, 0x00, 0x40, 0x00,
    0x40, 0x00, 0x40, 0x00, 0x40, 0x00, 0x40, 0x00, 0x40, 0x00, 0x00, 0x00, 0x00, 0x00, 0x00, 0x00,
    0x1c, 0x00, 0x3e, 0x00, 0x22, 0x00, 0x60, 0x00, 0x40, 0x00, 0x40, 0x00, 0x40, 0x00, 0x46, 0x00,
    0x46, 0x00, 0x42, 0x00, 0x42, 0x00, 0x26, 0x00, 0x3e, 0x00, 0x1c, 0x00, 0x00, 0x00, 0x00, 0x00,
    0x00, 0x00, 0x46, 0x00, 0x46, 0x00, 0x46, 0x00, 0x46, 0x00, 0x46, 0x00, 0x46, 0x00, 0x7e, 0x00,
    0x7e, 0x00, 0x46, 0x00, 0x46, 0x00, 0x46, 0x00, 0x46, 0x00, 0x46, 0x00, 0x46, 0x00, 0x00, 0x00,
    0x00, 0x00, 0x00, 0x00, 0x40, 0x00, 0x40, 0x00, 0x40, 0x00, 0x40, 0x00, 0x40, 0x00, 0x40, 0x00,
    0x40, 0x00, 0x40, 0x00, 0x40, 0x00, 0x40, 0x00, 0x40, 0x00, 0x40, 0x00, 0x40, 0x00, 0x40, 0x00,
    0x00, 0x00, 0x00, 0x00, 0x00, 0x00, 0x20, 0x00, 0x20, 0x00, 0x20, 0x00, 0x20, 0x00, 0x20, 0x00,
    0x20, 0x00, 0x20, 0x00, 0x20, 0x00, 0x20, 0x00, 0x20, 0x00, 0x20, 0x00, 0x20, 0x00, 0x40, 0x00,
    0x40, 0x00, 0x00, 0x00, 0x00, 0x00, 0x00, 0x00, 0x46, 0x00, 0x40, 0x00, 0x48, 0x00, 0x40, 0x00,
    0x50, 0x00, 0x40, 0x00, 0x60, 0x00, 0x60, 0x00, 0x50, 0x00, 0x50, 0x00, 0x48, 0x00, 0x48, 0x00,
    0x44, 0x00, 0x46, 0x00, 0x00, 0x00, 0x00, 0x00, 0x00, 0x00, 0x80, 0x00, 0x80, 0x00, 0x80, 0x00,
    0x80, 0x00, 0x80, 0x00, 0x80, 0x00, 0x80, 0x00, 0x80, 0x00, 0x80, 0x00, 0x80, 0x00, 0x80, 0x00,
    0x80, 0x00, 0xf8, 0x00, 0xf8, 0x00, 0x00, 0x00, 0x00, 0x00, 0x00, 0x00, 0x40, 0x00, 0x40, 0x80,
    0x60, 0x80, 0x51, 0x80, 0x52, 0x80, 0x4e, 0x80, 0x4c, 0x80, 0x40, 0x80, 0x40, 0x80, 0x40, 0x80,
    0x40, 0x80, 0x40, 0x80, 0x40, 0x80, 0x40, 0x80, 0x00, 0x00, 0x00, 0x00, 0x00, 0x00, 0x41, 0x00,
    0x41, 0x00, 0x41, 0x00, 0x61, 0x00, 0x41, 0x00, 0x51, 0x00, 0x41, 0x00, 0x49, 0x00, 0x41, 0x00,
    0x45, 0x00, 0x43, 0x00, 0x41, 0x00, 0x41, 0x00, 0x41, 0x00, 0x00, 0x00, 0x00, 0x00, 0x00, 0x00,
    0x1c, 0x00, 0x3e, 0x00, 0x26, 0x00, 0x41, 0x00, 0x41, 0x00, 0x41, 0x00, 0x41, 0x00, 0x41, 0x00,
    0x41, 0x00, 0x41, 0x00, 0x41, 0x00, 0x26, 0x00, 0x3e, 0x00, 0x1c, 0x00, 0x00, 0x00, 0x00, 0x00,
    0x00, 0x00, 0x7c, 0x00, 0x7e, 0x00, 0x46, 0x00, 0x42, 0x00, 0x42, 0x00, 0x46, 0x00, 0x7e, 0x00,
    0x7c, 0x00, 0x40, 0x00, 0x40, 0x00, 0x40, 0x00, 0x40, 0x00, 0x40, 0x00, 0x40, 0x00, 0x00, 0x00,
    0x00, 0x00, 0x00, 0x00, 0x1c, 0x00, 0x3e, 0x00, 0x26, 0x00, 0x63, 0x00, 0x41, 0x00, 0x41, 0x00,
    0x41, 0x00, 0x41, 0x00, 0x41, 0x00, 0x41, 0x00, 0x41, 0x00, 0x22, 0x00, 0x26, 0x00, 0x1c, 0x00,
    0x04, 0x00, 0x06, 0x00, 0x00, 0x00, 0x7c, 0x00, 0x7e, 0x00, 0x46, 0x00, 0x42, 0x00, 0x42, 0x00,
    0x46, 0x00, 0x7e, 0x00, 0x7c, 0x00, 0x40, 0x00, 0x44, 0x00, 0x44, 0x00, 0x46, 0x00, 0x42, 0x00,
    0x42, 0x00, 0x00, 0x00, 0x00, 0x00, 0x00, 0x00, 0x30, 0x00, 0x78, 0x00, 0x48, 0x00, 0x40, 0x00,
    0x40, 0x00, 0x40, 0x00, 0x20, 0x00, 0x18, 0x00, 0x08, 0x00, 0x08, 0x00, 0x08, 0x00, 0x48, 0x00,
    0x78, 0x00, 0x30, 0x00, 0x00, 0x00, 0x00, 0x00, 0x00, 0x00, 0xfe, 0x00, 0xfe, 0x00, 0x10, 0x00,
    0x10, 0x00, 0x10, 0x00, 0x10, 0x00, 0x10, 0x00, 0x10, 0x00, 0x10, 0x00, 0x10, 0x00, 0x10, 0x00,
    0x10, 0x00, 0x10, 0x00, 0x10, 0x00, 0x00, 0x00, 0x00, 0x00, 0x00, 0x00, 0x46, 0x00, 0x46, 0x00,
    0x46, 0x00, 0x46, 0x00, 0x46, 0x00, 0x46, 0x00, 0x46, 0x00, 0x46, 0x00, 0x46, 0x00, 0x46, 0x00,
    0x46, 0x00, 0x66, 0x00, 0x3c, 0x00, 0x38, 0x00, 0x00, 0x00, 0x00, 0x00, 0x00, 0x00, 0x80, 0x00,
    0x42, 0x00, 0x42, 0x00, 0x46, 0x00, 0x04, 0x00, 0x24, 0x00, 0x20, 0x00, 0x28, 0x00, 0x28, 0x00,
    0x08, 0x00, 0x18, 0x00, 0x10, 0x00, 0x10, 0x00, 0x10, 0x00, 0x00, 0x00, 0x00, 0x00, 0x00, 0x00,
    0x89, 0x20, 0x48, 0x20, 0x42, 0x20, 0x46, 0x20, 0x06, 0x40, 0x26, 0x40, 0x26, 0x40, 0x22, 0x40,
    0x08, 0x00, 0x19, 0x80, 0x19, 0x80, 0x11, 0x80, 0x00, 0x00, 0x00, 0x00, 0x00, 0x00, 0x00, 0x00,
    0x00, 0x00, 0x42, 0x00, 0x46, 0x00, 0x44, 0x00, 0x20, 0x00, 0x28, 0x00, 0x08, 0x00, 0x10, 0x00,
    0x10, 0x00, 0x08, 0x00, 0x28, 0x00, 0x20, 0x00, 0x44, 0x00, 0x46, 0x00, 0x42, 0x00, 0x00, 0x00,
    0x00, 0x00, 0x00, 0x00, 0x42, 0x00, 0x42, 0x00, 0x46, 0x00, 0x24, 0x00, 0x28, 0x00, 0x38, 0x00,
    0x18, 0x00, 0x10, 0x00, 0x10, 0x00, 0x10, 0x00, 0x10, 0x00, 0x10, 0x00, 0x10, 0x00, 0x10, 0x00,
    0x00, 0x00, 0x00, 0x00, 0x00, 0x00, 0x7e, 0x00, 0x7e, 0x00, 0x04, 0x00, 0x00, 0x00, 0x08, 0x00,
    0x08, 0x00, 0x00, 0x00, 0x10, 0x00, 0x00, 0x00, 0x20, 0x00, 0x20, 0x00, 0x00, 0x00, 0x7e, 0x00,
    0x7e, 0x00, 0x00, 0x00, 0x00, 0x00, 0x00, 0x00, 0x00, 0x00, 0x00, 0x00, 0x00, 0x00, 0x00, 0x00,
    0x00, 0x00, 0x00, 0x00, 0x00, 0x00, 0x00, 0x00, 0x00, 0x00, 0x00, 0x00, 0x00, 0x00, 0x00, 0x00,
    0x00, 0x00, 0x00, 0x00, 0x00, 0x00, 0x00, 0x00,
};

static const bitmap_font_t s_share_tech_mono_status = {
    .width = 12,
    .height = 17,
    .stride = 2,
    .data = s_share_tech_mono_status_data,
};

static const uint8_t s_share_tech_mono_12_data[1012] = {
    0x00, 0x00, 0x00, 0x00, 0x00, 0x00, 0x00, 0x00, 0x00, 0x00, 0x00, 0x00, 0x00, 0x00, 0x00, 0x00,
    0x00, 0x00, 0x00, 0x00, 0x00, 0x00, 0x00, 0x60, 0x60, 0x60, 0x00, 0x00, 0x00, 0x00, 0x00, 0x00,
    0x00, 0x00, 0x28, 0x7c, 0x00, 0x00, 0x00, 0x40, 0x78, 0xd0, 0x50, 0x00, 0x00, 0x60, 0x00, 0x00,
    0x40, 0x60, 0x00, 0x00, 0x00, 0x60, 0x00, 0x00, 0x50, 0x30, 0x20, 0x60, 0x20, 0x10, 0x00, 0x40,
    0x10, 0x00, 0x00, 0x20, 0x20, 0x20, 0x20, 0x60, 0x50, 0x50, 0x60, 0x68, 0x00, 0x00, 0x40, 0x40,
    0x40, 0x00, 0x00, 0x00, 0x00, 0x00, 0x00, 0x00, 0x00, 0x40, 0x40, 0x00, 0x00, 0x00, 0x00, 0x00,
    0x40, 0x40, 0x00, 0x00, 0x00, 0x00, 0x00, 0x40, 0x40, 0x40, 0x00, 0x00, 0x00, 0x00, 0x00, 0xc0,
    0x40, 0xe0, 0xc0, 0x00, 0x00, 0x00, 0x00, 0x00, 0x00, 0x00, 0x00, 0x00, 0x00, 0x00, 0x60, 0x00,
    0x00, 0x00, 0x00, 0x00, 0x00, 0x00, 0x00, 0x00, 0x00, 0x00, 0x00, 0x00, 0x00, 0x00, 0x80, 0x00,
    0x00, 0x00, 0x00, 0x00, 0x60, 0x00, 0x00, 0x00, 0x00, 0x00, 0x00, 0x00, 0x00, 0x00, 0x00, 0x00,
    0x00, 0x00, 0x00, 0x80, 0x00, 0x00, 0x00, 0x20, 0x20, 0x00, 0x00, 0x40, 0x40, 0x00, 0x00, 0x00,
    0x00, 0x60, 0x40, 0x10, 0x10, 0x10, 0x10, 0x10, 0x40, 0x60, 0x00, 0x00, 0x40, 0x40, 0x40, 0x40,
    0x40, 0x40, 0x40, 0x40, 0x40, 0x00, 0x00, 0xc0, 0x20, 0x20, 0x00, 0x40, 0x00, 0x80, 0x80, 0xe0,
    0x00, 0x00, 0x60, 0x00, 0x00, 0x00, 0x20, 0x00, 0x00, 0xa0, 0x60, 0x00, 0x00, 0x00, 0x20, 0x00,
    0x40, 0x00, 0x00, 0xf0, 0x00, 0x00, 0x00, 0x00, 0x70, 0x40, 0x00, 0x60, 0x00, 0x10, 0x10, 0x10,
    0x60, 0x00, 0x00, 0x20, 0x00, 0x40, 0x60, 0x60, 0x00, 0x00, 0x60, 0x60, 0x00, 0x00, 0x60, 0x00,
    0x20, 0x20, 0x00, 0x00, 0x00, 0x40, 0x40, 0x00, 0x00, 0x20, 0x40, 0x40, 0x20, 0x40, 0x10, 0x10,
    0x50, 0x60, 0x00, 0x00, 0x60, 0x60, 0x00, 0x00, 0x60, 0x20, 0x00, 0x00, 0x40, 0x00, 0x00, 0x00,
    0x00, 0x00, 0x80, 0x80, 0x00, 0x00, 0x80, 0x80, 0x00, 0x00, 0x00, 0x00, 0x00, 0x40, 0x40, 0x00,
    0x00, 0x00, 0x40, 0x00, 0x00, 0x00, 0x00, 0x20, 0x00, 0x40, 0x40, 0x00, 0x20, 0x00, 0x00, 0x00,
    0x00, 0x00, 0x00, 0x60, 0x00, 0x60, 0x00, 0x00, 0x00, 0x00, 0x00, 0x00, 0x00, 0x00, 0x40, 0x00,
    0x20, 0x40, 0x00, 0x00, 0x00, 0x00, 0x60, 0x20, 0x00, 0x00, 0x20, 0x00, 0x00, 0x00, 0x00, 0x00,
    0x00, 0x30, 0x48, 0x48, 0x30, 0x30, 0x30, 0x48, 0x48, 0x30, 0x00, 0x00, 0x20, 0x20, 0x20, 0x00,
    0x10, 0x50, 0x40, 0x00, 0x88, 0x00, 0x00, 0x60, 0x10, 0x10, 0x10, 0x70, 0x00, 0x00, 0x00, 0x70,
    0x00, 0x00, 0x30, 0x50, 0x80, 0x80, 0x80, 0x80, 0x80, 0x50, 0x30, 0x00, 0x00, 0x60, 0x10, 0x00,
    0x08, 0x08, 0x08, 0x00, 0x10, 0x60, 0x00, 0x00, 0x70, 0x00, 0x00, 0x00, 0x60, 0x00, 0x00, 0x00,
    0x70, 0x00, 0x00, 0x70, 0x00, 0x00, 0x00, 0x60, 0x00, 0x00, 0x00, 0x00, 0x00, 0x00, 0x30, 0x40,
    0x00, 0x00, 0x10, 0x00, 0x00, 0x00, 0x00, 0x00, 0x00, 0x00, 0x00, 0x00, 0x00, 0x70, 0x00, 0x00,
    0x00, 0x00, 0x00, 0x00, 0x00, 0x00, 0x00, 0x00, 0x00, 0x00, 0x00, 0x00, 0x00, 0x00, 0x00, 0x00,
    0x00, 0x00, 0x00, 0x00, 0x00, 0x00, 0x40, 0x40, 0x00, 0x00, 0x00, 0x20, 0x00, 0x40, 0x00, 0x40,
    0x00, 0x20, 0x00, 0x00, 0x00, 0x80, 0x80, 0x80, 0x80, 0x80, 0x80, 0x80, 0x80, 0xe0, 0x00, 0x00,
    0x04, 0x44, 0x0c, 0x34, 0x04, 0x04, 0x04, 0x04, 0x04, 0x00, 0x00, 0x08, 0x48, 0x48, 0x28, 0x28,
    0x18, 0x18, 0x08, 0x08, 0x00, 0x00, 0x30, 0x48, 0x08, 0x80, 0x80, 0x80, 0x08, 0x48, 0x30, 0x00,
    0x00, 0x70, 0x00, 0x00, 0x00, 0x70, 0x00, 0x00, 0x00, 0x00, 0x00, 0x00, 0x30, 0x48, 0x08, 0x80,
    0x80, 0x80, 0x08, 0x40, 0x30, 0x10, 0x00, 0x70, 0x00, 0x00, 0x00, 0x70, 0x00, 0x10, 0x10, 0x00,
    0x00, 0x00, 0x60, 0x20, 0x00, 0x40, 0x60, 0x00, 0x00, 0x20, 0x60, 0x00, 0x00, 0x60, 0x40, 0x40,
    0x40, 0x40, 0x40, 0x40, 0x40, 0x40, 0x00, 0x00, 0x00, 0x00, 0x00, 0x00, 0x00, 0x00, 0x00, 0x50,
    0x70, 0x00, 0x00, 0x88, 0x00, 0x00, 0x50, 0x50, 0x00, 0x00, 0x20, 0x20, 0x00, 0x00, 0x80, 0x12,
    0x52, 0x40, 0x00, 0x0c, 0x2c, 0x20, 0x20, 0x00, 0x00, 0x88, 0x50, 0x50, 0x00, 0x20, 0x00, 0x50,
    0x50, 0x88, 0x00, 0x00, 0x88, 0x50, 0x50, 0x00, 0x20, 0x20, 0x20, 0x20, 0x20, 0x00, 0x00, 0x78,
    0x00, 0x10, 0x00, 0x20, 0x00, 0x00, 0x40, 0xf0, 0x00, 0x00, 0x40, 0x00, 0x00, 0x00, 0x00, 0x00,
    0x00, 0x00, 0x40, 0x00, 0x00, 0x00, 0x00, 0x40, 0x40, 0x00, 0x00, 0x20, 0x20, 0x00, 0x00, 0x00,
    0x40, 0x00, 0x00, 0x00, 0x00, 0x00, 0x00, 0x00, 0x40, 0x00, 0x00, 0x00, 0x00, 0x00, 0x00, 0x00,
    0x00, 0x00, 0x00, 0x00, 0x00, 0x00, 0x00, 0x00, 0x00, 0x00, 0x00, 0x00, 0x00, 0x00, 0x00, 0x00,
    0x00, 0x00, 0x00, 0x00, 0x00, 0x00, 0x00, 0x00, 0x00, 0x00, 0x00, 0x00, 0x20, 0x20, 0x20, 0x00,
    0x10, 0x50, 0x70, 0x00, 0x88, 0x00, 0x00, 0x60, 0x10, 0x10, 0x10, 0x70, 0x00, 0x00, 0x00, 0x70,
    0x00, 0x00, 0x30, 0x50, 0x80, 0x80, 0x80, 0x80, 0x80, 0x50, 0x30, 0x00, 0x00, 0x60, 0x10, 0x00,
    0x08, 0x08, 0x08, 0x00, 0x10, 0x60, 0x00, 0x00, 0x70, 0x00, 0x00, 0x00, 0x60, 0x00, 0x00, 0x00,
    0x70, 0x00, 0x00, 0x70, 0x00, 0x00, 0x00, 0x60, 0x00, 0x00, 0x00, 0x00, 0x00, 0x00, 0x30, 0x48,
    0x40, 0x00, 0x10, 0x00, 0x40, 0x40, 0x30, 0x00, 0x00, 0x00, 0x00, 0x00, 0x00, 0x70, 0x00, 0x00,
    0x00, 0x00, 0x00, 0x00, 0x00, 0x00, 0x00, 0x00, 0x00, 0x00, 0x00, 0x00, 0x00, 0x00, 0x00, 0x00,
    0x00, 0x00, 0x00, 0x00, 0x00, 0x00, 0x40, 0x40, 0x00, 0x00, 0x10, 0x00, 0x20, 0x00, 0x40, 0x00,
    0x20, 0x00, 0x10, 0x00, 0x00, 0x80, 0x80, 0x80, 0x80, 0x80, 0x80, 0x80, 0x80, 0xe0, 0x00, 0x00,
    0x04, 0x44, 0x0c, 0x34, 0x04, 0x04, 0x04, 0x04, 0x04, 0x00, 0x00, 0x08, 0x48, 0x48, 0x28, 0x28,
    0x18, 0x18, 0x08, 0x08, 0x00, 0x00, 0x30, 0x48, 0x08, 0x80, 0x80, 0x80, 0x08, 0x48, 0x30, 0x00,
    0x00, 0x70, 0x00, 0x00, 0x00, 0x70, 0x00, 0x00, 0x00, 0x00, 0x00, 0x00, 0x30, 0x48, 0x08, 0x80,
    0x80, 0x80, 0x08, 0x40, 0x30, 0x10, 0x00, 0x70, 0x00, 0x00, 0x00, 0x70, 0x00, 0x10, 0x10, 0x00,
    0x00, 0x00, 0x60, 0x20, 0x00, 0x40, 0x60, 0x00, 0x00, 0x20, 0x60, 0x00, 0x00, 0xe0, 0x40, 0x40,
    0x40, 0x40, 0x40, 0x40, 0x40, 0x40, 0x00, 0x00, 0x00, 0x00, 0x00, 0x00, 0x00, 0x00, 0x00, 0x50,
    0x70, 0x00, 0x00, 0x88, 0x00, 0x00, 0x50, 0x50, 0x00, 0x00, 0x20, 0x20, 0x00, 0x00, 0x88, 0x1a,
    0x52, 0x40, 0x10, 0x1c, 0x2c, 0x20, 0x20, 0x00, 0x00, 0x88, 0x50, 0x50, 0x00, 0x20, 0x00, 0x50,
    0x50, 0x88, 0x00, 0x00, 0x88, 0x50, 0x50, 0x00, 0x20, 0x20, 0x20, 0x20, 0x20, 0x00, 0x00, 0x78,
    0x00, 0x10, 0x00, 0x20, 0x00, 0x00, 0x40, 0xf0, 0x00, 0x00, 0x00, 0x00, 0x00, 0x00, 0x00, 0x00,
    0x00, 0x00, 0x00, 0x00,
};

static const bitmap_font_t s_share_tech_mono_12 = {
    .width = 8,
    .height = 11,
    .stride = 1,
    .data = s_share_tech_mono_12_data,
};

static const uint8_t s_share_tech_mono_18_data[3128] = {
    0x00, 0x00, 0x00, 0x00, 0x00, 0x00, 0x00, 0x00, 0x00, 0x00, 0x00, 0x00, 0x00, 0x00, 0x00, 0x00,
    0x00, 0x00, 0x00, 0x00, 0x00, 0x00, 0x00, 0x00, 0x00, 0x00, 0x00, 0x00, 0x00, 0x00, 0x00, 0x00,
    0x00, 0x00, 0x00, 0x00, 0x40, 0x00, 0x40, 0x00, 0x40, 0x00, 0x40, 0x00, 0x40, 0x00, 0x40, 0x00,
    0x40, 0x00, 0x40, 0x00, 0x40, 0x00, 0x40, 0x00, 0x40, 0x00, 0x00, 0x00, 0x40, 0x00, 0x40, 0x00,
    0x00, 0x00, 0x00, 0x00, 0x00, 0x00, 0x60, 0x00, 0x60, 0x00, 0x60, 0x00, 0x60, 0x00, 0x60, 0x00,
    0x00, 0x00, 0x00, 0x00, 0x00, 0x00, 0x00, 0x00, 0x00, 0x00, 0x00, 0x00, 0x00, 0x00, 0x00, 0x00,
    0x00, 0x00, 0x00, 0x00, 0x00, 0x00, 0x00, 0x00, 0x10, 0x00, 0x12, 0x00, 0x7f, 0x80, 0x7f, 0x80,
    0x02, 0x00, 0x02, 0x00, 0x26, 0x00, 0x24, 0x00, 0x24, 0x00, 0x7f, 0x00, 0x7f, 0x00, 0x24, 0x00,
    0x04, 0x00, 0x00, 0x00, 0x00, 0x00, 0x00, 0x00, 0x10, 0x00, 0x10, 0x00, 0x38, 0x00, 0x54, 0x00,
    0x50, 0x00, 0x50, 0x00, 0x50, 0x00, 0x70, 0x00, 0x38, 0x00, 0x08, 0x00, 0x14, 0x00, 0x14, 0x00,
    0x14, 0x00, 0x58, 0x00, 0x78, 0x00, 0x10, 0x00, 0x10, 0x00, 0x00, 0x00, 0x60, 0x00, 0x06, 0x00,
    0x14, 0x00, 0x18, 0x00, 0x08, 0x00, 0x60, 0x00, 0x10, 0x00, 0x10, 0x00, 0x0c, 0x00, 0x2a, 0x00,
    0x22, 0x00, 0x02, 0x00, 0x4a, 0x00, 0x0c, 0x00, 0x00, 0x00, 0x00, 0x00, 0x00, 0x00, 0x10, 0x00,
    0x38, 0x00, 0x28, 0x00, 0x28, 0x00, 0x28, 0x00, 0x38, 0x00, 0x38, 0x00, 0x48, 0x00, 0x4c, 0x00,
    0x4e, 0x00, 0x4e, 0x00, 0x4a, 0x00, 0x79, 0x00, 0x31, 0x00, 0x00, 0x00, 0x00, 0x00, 0x00, 0x00,
    0x40, 0x00, 0x40, 0x00, 0x40, 0x00, 0x40, 0x00, 0x40, 0x00, 0x40, 0x00, 0x00, 0x00, 0x00, 0x00,
    0x00, 0x00, 0x00, 0x00, 0x00, 0x00, 0x00, 0x00, 0x00, 0x00, 0x00, 0x00, 0x00, 0x00, 0x00, 0x00,
    0x00, 0x00, 0x20, 0x00, 0x00, 0x00, 0x40, 0x00, 0x40, 0x00, 0x40, 0x00, 0x40, 0x00, 0x40, 0x00,
    0x40, 0x00, 0x40, 0x00, 0x40, 0x00, 0x40, 0x00, 0x40, 0x00, 0x00, 0x00, 0x20, 0x00, 0x00, 0x00,
    0x00, 0x00, 0x00, 0x00, 0x40, 0x00, 0x40, 0x00, 0x40, 0x00, 0x40, 0x00, 0x40, 0x00, 0x40, 0x00,
    0x40, 0x00, 0x00, 0x00, 0x40, 0x00, 0x40, 0x00, 0x40, 0x00, 0x40, 0x00, 0x40, 0x00, 0x40, 0x00,
    0x00, 0x00, 0x00, 0x00, 0x00, 0x00, 0x20, 0x00, 0x70, 0x00, 0x20, 0x00, 0x70, 0x00, 0x20, 0x00,
    0x70, 0x00, 0x20, 0x00, 0x00, 0x00, 0x00, 0x00, 0x00, 0x00, 0x00, 0x00, 0x00, 0x00, 0x00, 0x00,
    0x00, 0x00, 0x00, 0x00, 0x00, 0x00, 0x00, 0x00, 0x00, 0x00, 0x00, 0x00, 0x00, 0x00, 0x00, 0x00,
    0x20, 0x00, 0x20, 0x00, 0x20, 0x00, 0x78, 0x00, 0x78, 0x00, 0x20, 0x00, 0x20, 0x00, 0x00, 0x00,
    0x00, 0x00, 0x00, 0x00, 0x00, 0x00, 0x00, 0x00, 0x00, 0x00, 0x00, 0x00, 0x00, 0x00, 0x00, 0x00,
    0x00, 0x00, 0x00, 0x00, 0x00, 0x00, 0x00, 0x00, 0x00, 0x00, 0x00, 0x00, 0x00, 0x00, 0x00, 0x00,
    0x00, 0x00, 0x40, 0x00, 0x40, 0x00, 0x00, 0x00, 0x80, 0x00, 0x00, 0x00, 0x00, 0x00, 0x00, 0x00,
    0x00, 0x00, 0x00, 0x00, 0x00, 0x00, 0x00, 0x00, 0x00, 0x00, 0x70, 0x00, 0x60, 0x00, 0x00, 0x00,
    0x00, 0x00, 0x00, 0x00, 0x00, 0x00, 0x00, 0x00, 0x00, 0x00, 0x00, 0x00, 0x00, 0x00, 0x00, 0x00,
    0x00, 0x00, 0x00, 0x00, 0x00, 0x00, 0x00, 0x00, 0x00, 0x00, 0x00, 0x00, 0x00, 0x00, 0x00, 0x00,
    0x00, 0x00, 0x00, 0x00, 0x00, 0x00, 0x80, 0x00, 0x80, 0x00, 0x00, 0x00, 0x00, 0x00, 0x00, 0x00,
    0x08, 0x00, 0x00, 0x00, 0x10, 0x00, 0x10, 0x00, 0x10, 0x00, 0x00, 0x00, 0x20, 0x00, 0x20, 0x00,
    0x20, 0x00, 0x20, 0x00, 0x00, 0x00, 0x40, 0x00, 0x40, 0x00, 0x40, 0x00, 0x00, 0x00, 0x00, 0x00,
    0x00, 0x00, 0x38, 0x00, 0x38, 0x00, 0x6c, 0x00, 0x46, 0x00, 0x46, 0x00, 0x46, 0x00, 0x46, 0x00,
    0x46, 0x00, 0x46, 0x00, 0x46, 0x00, 0x46, 0x00, 0x6c, 0x00, 0x38, 0x00, 0x38, 0x00, 0x00, 0x00,
    0x00, 0x00, 0x00, 0x00, 0x20, 0x00, 0x20, 0x00, 0x60, 0x00, 0x60, 0x00, 0x20, 0x00, 0x20, 0x00,
    0x20, 0x00, 0x20, 0x00, 0x20, 0x00, 0x20, 0x00, 0x20, 0x00, 0x20, 0x00, 0x20, 0x00, 0x20, 0x00,
    0x00, 0x00, 0x00, 0x00, 0x00, 0x00, 0x30, 0x00, 0x70, 0x00, 0x58, 0x00, 0x08, 0x00, 0x08, 0x00,
    0x00, 0x00, 0x10, 0x00, 0x10, 0x00, 0x00, 0x00, 0x20, 0x00, 0x00, 0x00, 0x40, 0x00, 0x78, 0x00,
    0x78, 0x00, 0x00, 0x00, 0x00, 0x00, 0x00, 0x00, 0x60, 0x00, 0x70, 0x00, 0x18, 0x00, 0x08, 0x00,
    0x08, 0x00, 0x18, 0x00, 0x30, 0x00, 0x38, 0x00, 0x08, 0x00, 0x08, 0x00, 0x48, 0x00, 0x48, 0x00,
    0x78, 0x00, 0x30, 0x00, 0x00, 0x00, 0x00, 0x00, 0x00, 0x00, 0x08, 0x00, 0x08, 0x00, 0x18, 0x00,
    0x18, 0x00, 0x18, 0x00, 0x28, 0x00, 0x28, 0x00, 0x08, 0x00, 0x48, 0x00, 0x48, 0x00, 0x7e, 0x00,
    0x7e, 0x00, 0x08, 0x00, 0x08, 0x00, 0x00, 0x00, 0x00, 0x00, 0x00, 0x00, 0x38, 0x00, 0x38, 0x00,
    0x00, 0x00, 0x40, 0x00, 0x40, 0x00, 0x70, 0x00, 0x78, 0x00, 0x48, 0x00, 0x04, 0x00, 0x44, 0x00,
    0x44, 0x00, 0x48, 0x00, 0x38, 0x00, 0x30, 0x00, 0x00, 0x00, 0x00, 0x00, 0x00, 0x00, 0x10, 0x00,
    0x10, 0x00, 0x00, 0x00, 0x20, 0x00, 0x20, 0x00, 0x30, 0x00, 0x78, 0x00, 0x48, 0x00, 0x48, 0x00,
    0x48, 0x00, 0x48, 0x00, 0x48, 0x00, 0x78, 0x00, 0x30, 0x00, 0x00, 0x00, 0x00, 0x00, 0x00, 0x00,
    0x78, 0x00, 0x78, 0x00, 0x08, 0x00, 0x00, 0x00, 0x00, 0x00, 0x10, 0x00, 0x10, 0x00, 0x00, 0x00,
    0x00, 0x00, 0x20, 0x00, 0x20, 0x00, 0x20, 0x00, 0x00, 0x00, 0x40, 0x00, 0x00, 0x00, 0x00, 0x00,
    0x00, 0x00, 0x30, 0x00, 0x38, 0x00, 0x28, 0x00, 0x28, 0x00, 0x28, 0x00, 0x30, 0x00, 0x38, 0x00,
    0x48, 0x00, 0x44, 0x00, 0x44, 0x00, 0x44, 0x00, 0x48, 0x00, 0x78, 0x00, 0x30, 0x00, 0x00, 0x00,
    0x00, 0x00, 0x00, 0x00, 0x30, 0x00, 0x78, 0x00, 0x48, 0x00, 0x48, 0x00, 0x48, 0x00, 0x48, 0x00,
    0x48, 0x00, 0x38, 0x00, 0x10, 0x00, 0x10, 0x00, 0x10, 0x00, 0x00, 0x00, 0x20, 0x00, 0x20, 0x00,
    0x00, 0x00, 0x00, 0x00, 0x00, 0x00, 0x00, 0x00, 0x00, 0x00, 0x00, 0x00, 0x00, 0x00, 0x00, 0x00,
    0x40, 0x00, 0x40, 0x00, 0x00, 0x00, 0x00, 0x00, 0x00, 0x00, 0x00, 0x00, 0x00, 0x00, 0x40, 0x00,
    0x40, 0x00, 0x00, 0x00, 0x00, 0x00, 0x00, 0x00, 0x00, 0x00, 0x00, 0x00, 0x00, 0x00, 0x00, 0x00,
    0x00, 0x00, 0x40, 0x00, 0x40, 0x00, 0x00, 0x00, 0x00, 0x00, 0x00, 0x00, 0x00, 0x00, 0x00, 0x00,
    0x40, 0x00, 0x40, 0x00, 0x40, 0x00, 0x00, 0x00, 0x00, 0x00, 0x00, 0x00, 0x00, 0x00, 0x00, 0x00,
    0x00, 0x00, 0x10, 0x00, 0x10, 0x00, 0x20, 0x00, 0x20, 0x00, 0x40, 0x00, 0x20, 0x00, 0x20, 0x00,
    0x10, 0x00, 0x10, 0x00, 0x00, 0x00, 0x00, 0x00, 0x00, 0x00, 0x00, 0x00, 0x00, 0x00, 0x00, 0x00,
    0x00, 0x00, 0x00, 0x00, 0x00, 0x00, 0x78, 0x00, 0x78, 0x00, 0x00, 0x00, 0x78, 0x00, 0x78, 0x00,
    0x00, 0x00, 0x00, 0x00, 0x00, 0x00, 0x00, 0x00, 0x00, 0x00, 0x00, 0x00, 0x00, 0x00, 0x00, 0x00,
    0x00, 0x00, 0x00, 0x00, 0x00, 0x00, 0x40, 0x00, 0x40, 0x00, 0x20, 0x00, 0x00, 0x00, 0x10, 0x00,
    0x00, 0x00, 0x20, 0x00, 0x40, 0x00, 0x40, 0x00, 0x00, 0x00, 0x00, 0x00, 0x00, 0x00, 0x00, 0x00,
    0x30, 0x00, 0x78, 0x00, 0x48, 0x00, 0x48, 0x00, 0x08, 0x00, 0x08, 0x00, 0x08, 0x00, 0x30, 0x00,
    0x20, 0x00, 0x20, 0x00, 0x20, 0x00, 0x00, 0x00, 0x20, 0x00, 0x20, 0x00, 0x00, 0x00, 0x00, 0x00,
    0x00, 0x00, 0x1e, 0x00, 0x26, 0x00, 0x21, 0x00, 0x59, 0x00, 0x5d, 0x00, 0x55, 0x00, 0x55, 0x00,
    0x55, 0x00, 0x5f, 0x00, 0x47, 0x00, 0x23, 0x00, 0x20, 0x00, 0x18, 0x00, 0x00, 0x00, 0x00, 0x00,
    0x00, 0x00, 0x00, 0x00, 0x10, 0x00, 0x10, 0x00, 0x10, 0x00, 0x18, 0x00, 0x18, 0x00, 0x08, 0x00,
    0x20, 0x00, 0x24, 0x00, 0x24, 0x00, 0x06, 0x00, 0x42, 0x00, 0x42, 0x00, 0x40, 0x00, 0x01, 0x00,
    0x00, 0x00, 0x00, 0x00, 0x00, 0x00, 0x78, 0x00, 0x78, 0x00, 0x0c, 0x00, 0x04, 0x00, 0x04, 0x00,
    0x08, 0x00, 0x78, 0x00, 0x7e, 0x00, 0x06, 0x00, 0x02, 0x00, 0x02, 0x00, 0x06, 0x00, 0x3e, 0x00,
    0x3c, 0x00, 0x00, 0x00, 0x00, 0x00, 0x00, 0x00, 0x18, 0x00, 0x3c, 0x00, 0x66, 0x00, 0x40, 0x00,
    0x40, 0x00, 0x80, 0x00, 0x80, 0x00, 0x80, 0x00, 0x80, 0x00, 0x40, 0x00, 0x40, 0x00, 0x66, 0x00,
    0x3c, 0x00, 0x18, 0x00, 0x00, 0x00, 0x00, 0x00, 0x00, 0x00, 0x70, 0x00, 0x78, 0x00, 0x0c, 0x00,
    0x06, 0x00, 0x06, 0x00, 0x02, 0x00, 0x02, 0x00, 0x02, 0x00, 0x02, 0x00, 0x06, 0x00, 0x06, 0x00,
    0x0c, 0x00, 0x78, 0x00, 0x70, 0x00, 0x00, 0x00, 0x00, 0x00, 0x00, 0x00, 0x7c, 0x00, 0x7c, 0x00,
    0x00, 0x00, 0x00, 0x00, 0x00, 0x00, 0x00, 0x00, 0x78, 0x00, 0x78, 0x00, 0x00, 0x00, 0x00, 0x00,
    0x00, 0x00, 0x00, 0x00, 0x7c, 0x00, 0x7c, 0x00, 0x00, 0x00, 0x00, 0x00, 0x00, 0x00, 0x7c, 0x00,
    0x7c, 0x00, 0x00, 0x00, 0x00, 0x00, 0x00, 0x00, 0x00, 0x00, 0x78, 0x00, 0x78, 0x00, 0x40, 0x00,
    0x40, 0x00, 0x40, 0x00, 0x40, 0x00, 0x40, 0x00, 0x40, 0x00, 0x00, 0x00, 0x00, 0x00, 0x00, 0x00,
    0x18, 0x00, 0x3e, 0x00, 0x26, 0x00, 0x40, 0x00, 0x40, 0x00, 0x40, 0x00, 0x40, 0x00, 0x46, 0x00,
    0x46, 0x00, 0x02, 0x00, 0x02, 0x00, 0x02, 0x00, 0x02, 0x00, 0x02, 0x00, 0x00, 0x00, 0x00, 0x00,
    0x00, 0x00, 0x06, 0x00, 0x06, 0x00, 0x06, 0x00, 0x06, 0x00, 0x06, 0x00, 0x06, 0x00, 0x7e, 0x00,
    0x7e, 0x00, 0x46, 0x00, 0x46, 0x00, 0x46, 0x00, 0x46, 0x00, 0x46, 0x00, 0x46, 0x00, 0x00, 0x00,
    0x00, 0x00, 0x00, 0x00, 0x40, 0x00, 0x40, 0x00, 0x40, 0x00, 0x40, 0x00, 0x40, 0x00, 0x40, 0x00,
    0x40, 0x00, 0x40, 0x00, 0x40, 0x00, 0x40, 0x00, 0x40, 0x00, 0x40, 0x00, 0x40, 0x00, 0x40, 0x00,
    0x00, 0x00, 0x00, 0x00, 0x00, 0x00, 0x20, 0x00, 0x20, 0x00, 0x20, 0x00, 0x20, 0x00, 0x20, 0x00,
    0x20, 0x00, 0x20, 0x00, 0x20, 0x00, 0x20, 0x00, 0x20, 0x00, 0x20, 0x00, 0x20, 0x00, 0x40, 0x00,
    0x40, 0x00, 0x00, 0x00, 0x00, 0x00, 0x00, 0x00, 0x08, 0x00, 0x10, 0x00, 0x10, 0x00, 0x20, 0x00,
    0x20, 0x00, 0x40, 0x00, 0x40, 0x00, 0x40, 0x00, 0x00, 0x00, 0x20, 0x00, 0x00, 0x00, 0x10, 0x00,
    0x10, 0x00, 0x08, 0x00, 0x00, 0x00, 0x00, 0x00, 0x00, 0x00, 0x80, 0x00, 0x80, 0x00, 0x80, 0x00,
    0x80, 0x00, 0x80, 0x00, 0x80, 0x00, 0x80, 0x00, 0x80, 0x00, 0x80, 0x00, 0x80, 0x00, 0x80, 0x00,
    0x80, 0x00, 0xf8, 0x00, 0xf8, 0x00, 0x00, 0x00, 0x00, 0x00, 0x00, 0x00, 0x40, 0x00, 0x40, 0x80,
    0x60, 0x80, 0x51, 0x80, 0x52, 0x80, 0x4e, 0x80, 0x4c, 0x80, 0x40, 0x80, 0x40, 0x80, 0x40, 0x80,
    0x40, 0x80, 0x40, 0x80, 0x40, 0x80, 0x40, 0x00, 0x00, 0x00, 0x00, 0x00, 0x00, 0x00, 0x41, 0x00,
    0x41, 0x00, 0x41, 0x00, 0x61, 0x00, 0x41, 0x00, 0x51, 0x00, 0x41, 0x00, 0x49, 0x00, 0x41, 0x00,
    0x45, 0x00, 0x43, 0x00, 0x41, 0x00, 0x41, 0x00, 0x41, 0x00, 0x00, 0x00, 0x00, 0x00, 0x00, 0x00,
    0x1c, 0x00, 0x3e, 0x00, 0x26, 0x00, 0x41, 0x00, 0x41, 0x00, 0x41, 0x00, 0x41, 0x00, 0x41, 0x00,
    0x41, 0x00, 0x41, 0x00, 0x41, 0x00, 0x26, 0x00, 0x3e, 0x00, 0x1c, 0x00, 0x00, 0x00, 0x00, 0x00,
    0x00, 0x00, 0x7c, 0x00, 0x7e, 0x00, 0x06, 0x00, 0x02, 0x00, 0x02, 0x00, 0x06, 0x00, 0x7e, 0x00,
    0x7c, 0x00, 0x40, 0x00, 0x40, 0x00, 0x40, 0x00, 0x40, 0x00, 0x40, 0x00, 0x40, 0x00, 0x00, 0x00,
    0x00, 0x00, 0x00, 0x00, 0x1c, 0x00, 0x3e, 0x00, 0x26, 0x00, 0x63, 0x00, 0x41, 0x00, 0x41, 0x00,
    0x41, 0x00, 0x41, 0x00, 0x41, 0x00, 0x41, 0x00, 0x41, 0x00, 0x22, 0x00, 0x26, 0x00, 0x1c, 0x00,
    0x04, 0x00, 0x06, 0x00, 0x00, 0x00, 0x7c, 0x00, 0x7e, 0x00, 0x06, 0x00, 0x02, 0x00, 0x02, 0x00,
    0x06, 0x00, 0x7e, 0x00, 0x7c, 0x00, 0x08, 0x00, 0x08, 0x00, 0x04, 0x00, 0x06, 0x00, 0x06, 0x00,
    0x06, 0x00, 0x00, 0x00, 0x00, 0x00, 0x00, 0x00, 0x30, 0x00, 0x78, 0x00, 0x48, 0x00, 0x40, 0x00,
    0x40, 0x00, 0x40, 0x00, 0x20, 0x00, 0x18, 0x00, 0x08, 0x00, 0x08, 0x00, 0x08, 0x00, 0x48, 0x00,
    0x78, 0x00, 0x30, 0x00, 0x00, 0x00, 0x00, 0x00, 0x00, 0x00, 0x78, 0x00, 0x78, 0x00, 0x40, 0x00,
    0x40, 0x00, 0x40, 0x00, 0x40, 0x00, 0x40, 0x00, 0x40, 0x00, 0x40, 0x00, 0x40, 0x00, 0x40, 0x00,
    0x40, 0x00, 0x40, 0x00, 0x40, 0x00, 0x00, 0x00, 0x00, 0x00, 0x00, 0x00, 0x46, 0x00, 0x46, 0x00,
    0x46, 0x00, 0x46, 0x00, 0x46, 0x00, 0x46, 0x00, 0x46, 0x00, 0x46, 0x00, 0x46, 0x00, 0x46, 0x00,
    0x46, 0x00, 0x66, 0x00, 0x3c, 0x00, 0x38, 0x00, 0x00, 0x00, 0x00, 0x00, 0x00, 0x00, 0x80, 0x00,
    0x42, 0x00, 0x42, 0x00, 0x46, 0x00, 0x04, 0x00, 0x24, 0x00, 0x20, 0x00, 0x28, 0x00, 0x28, 0x00,
    0x08, 0x00, 0x18, 0x00, 0x10, 0x00, 0x10, 0x00, 0x10, 0x00, 0x00, 0x00, 0x00, 0x00, 0x00, 0x00,
    0x88, 0x20, 0x48, 0x20, 0x40, 0x20, 0x44, 0x00, 0x04, 0x40, 0x26, 0x40, 0x22, 0x40, 0x22, 0x40,
    0x00, 0x00, 0x11, 0x80, 0x11, 0x80, 0x11, 0x80, 0x00, 0x00, 0x00, 0x00, 0x00, 0x00, 0x00, 0x00,
    0x00, 0x00, 0x42, 0x00, 0x46, 0x00, 0x44, 0x00, 0x20, 0x00, 0x28, 0x00, 0x08, 0x00, 0x10, 0x00,
    0x10, 0x00, 0x08, 0x00, 0x28, 0x00, 0x20, 0x00, 0x44, 0x00, 0x46, 0x00, 0x42, 0x00, 0x00, 0x00,
    0x00, 0x00, 0x00, 0x00, 0x42, 0x00, 0x42, 0x00, 0x46, 0x00, 0x24, 0x00, 0x28, 0x00, 0x38, 0x00,
    0x18, 0x00, 0x10, 0x00, 0x10, 0x00, 0x10, 0x00, 0x10, 0x00, 0x10, 0x00, 0x10, 0x00, 0x10, 0x00,
    0x00, 0x00, 0x00, 0x00, 0x00, 0x00, 0x7e, 0x00, 0x7e, 0x00, 0x04, 0x00, 0x00, 0x00, 0x08, 0x00,
    0x08, 0x00, 0x00, 0x00, 0x10, 0x00, 0x00, 0x00, 0x20, 0x00, 0x20, 0x00, 0x00, 0x00, 0x7e, 0x00,
    0x7e, 0x00, 0x00, 0x00, 0x00, 0x00, 0x00, 0x00, 0x60, 0x00, 0x60, 0x00, 0x40, 0x00, 0x40, 0x00,
    0x40, 0x00, 0x40, 0x00, 0x40, 0x00, 0x40, 0x00, 0x40, 0x00, 0x40, 0x00, 0x40, 0x00, 0x40, 0x00,
    0x60, 0x00, 0x60, 0x00, 0x00, 0x00, 0x00, 0x00, 0x00, 0x00, 0x40, 0x00, 0x40, 0x00, 0x40, 0x00,
    0x00, 0x00, 0x20, 0x00, 0x20, 0x00, 0x20, 0x00, 0x20, 0x00, 0x00, 0x00, 0x10, 0x00, 0x10, 0x00,
    0x10, 0x00, 0x00, 0x00, 0x08, 0x00, 0x00, 0x00, 0x00, 0x00, 0x00, 0x00, 0x60, 0x00, 0x60, 0x00,
    0x20, 0x00, 0x20, 0x00, 0x20, 0x00, 0x20, 0x00, 0x20, 0x00, 0x20, 0x00, 0x20, 0x00, 0x20, 0x00,
    0x20, 0x00, 0x20, 0x00, 0x60, 0x00, 0x60, 0x00, 0x00, 0x00, 0x00, 0x00, 0x00, 0x00, 0x00, 0x00,
    0x00, 0x00, 0x00, 0x00, 0x00, 0x00, 0x00, 0x00, 0x00, 0x00, 0x00, 0x00, 0x00, 0x00, 0x00, 0x00,
    0x00, 0x00, 0x00, 0x00, 0x00, 0x00, 0x00, 0x00, 0x00, 0x00, 0x00, 0x00, 0x00, 0x00, 0x00, 0x00,
    0x00, 0x00, 0x00, 0x00, 0x00, 0x00, 0x00, 0x00, 0x00, 0x00, 0x00, 0x00, 0x00, 0x00, 0x00, 0x00,
    0x00, 0x00, 0x00, 0x00, 0x00, 0x00, 0x00, 0x00, 0x00, 0x00, 0x00, 0x00, 0x00, 0x00, 0x00, 0x00,
    0x00, 0x00, 0x00, 0x00, 0x00, 0x00, 0x00, 0x00, 0x00, 0x00, 0x00, 0x00, 0x00, 0x00, 0x00, 0x00,
    0x00, 0x00, 0x00, 0x00, 0x00, 0x00, 0x00, 0x00, 0x00, 0x00, 0x00, 0x00, 0x00, 0x00, 0x00, 0x00,
    0x00, 0x00, 0x00, 0x00, 0x10, 0x00, 0x10, 0x00, 0x10, 0x00, 0x18, 0x00, 0x18, 0x00, 0x08, 0x00,
    0x20, 0x00, 0x24, 0x00, 0x24, 0x00, 0x3e, 0x00, 0x7e, 0x00, 0x42, 0x00, 0x42, 0x00, 0x01, 0x00,
    0x00, 0x00, 0x00, 0x00, 0x00, 0x00, 0x78, 0x00, 0x78, 0x00, 0x4c, 0x00, 0x44, 0x00, 0x44, 0x00,
    0x48, 0x00, 0x78, 0x00, 0x7e, 0x00, 0x46, 0x00, 0x42, 0x00, 0x42, 0x00, 0x46, 0x00, 0x7e, 0x00,
    0x7c, 0x00, 0x00, 0x00, 0x00, 0x00, 0x00, 0x00, 0x18, 0x00, 0x3c, 0x00, 0x66, 0x00, 0x40, 0x00,
    0x40, 0x00, 0x80, 0x00, 0x80, 0x00, 0x80, 0x00, 0x80, 0x00, 0x40, 0x00, 0x40, 0x00, 0x66, 0x00,
    0x3c, 0x00, 0x18, 0x00, 0x00, 0x00, 0x00, 0x00, 0x00, 0x00, 0x78, 0x00, 0x7c, 0x00, 0x46, 0x00,
    0x46, 0x00, 0x43, 0x00, 0x41, 0x00, 0x41, 0x00, 0x41, 0x00, 0x41, 0x00, 0x42, 0x00, 0x42, 0x00,
    0x46, 0x00, 0x7c, 0x00, 0x78, 0x00, 0x00, 0x00, 0x00, 0x00, 0x00, 0x00, 0x7c, 0x00, 0x7c, 0x00,
    0x40, 0x00, 0x40, 0x00, 0x40, 0x00, 0x40, 0x00, 0x78, 0x00, 0x78, 0x00, 0x40, 0x00, 0x40, 0x00,
    0x40, 0x00, 0x40, 0x00, 0x7c, 0x00, 0x7c, 0x00, 0x00, 0x00, 0x00, 0x00, 0x00, 0x00, 0x7c, 0x00,
    0x7c, 0x00, 0x40, 0x00, 0x40, 0x00, 0x40, 0x00, 0x40, 0x00, 0x78, 0x00, 0x78, 0x00, 0x40, 0x00,
    0x40, 0x00, 0x40, 0x00, 0x40, 0x00, 0x40, 0x00, 0x40, 0x00, 0x00, 0x00, 0x00, 0x00, 0x00, 0x00,
    0x1c, 0x00, 0x3e, 0x00, 0x22, 0x00, 0x60, 0x00, 0x40, 0x00, 0x40, 0x00, 0x40, 0x00, 0x46, 0x00,
    0x46, 0x00, 0x42, 0x00, 0x42, 0x00, 0x26, 0x00, 0x3e, 0x00, 0x1c, 0x00, 0x00, 0x00, 0x00, 0x00,
    0x00, 0x00, 0x46, 0x00, 0x46, 0x00, 0x46, 0x00, 0x46, 0x00, 0x46, 0x00, 0x46, 0x00, 0x7e, 0x00,
    0x7e, 0x00, 0x46, 0x00, 0x46, 0x00, 0x46, 0x00, 0x46, 0x00, 0x46, 0x00, 0x46, 0x00, 0x00, 0x00,
    0x00, 0x00, 0x00, 0x00, 0x40, 0x00, 0x40, 0x00, 0x40, 0x00, 0x40, 0x00, 0x40, 0x00, 0x40, 0x00,
    0x40, 0x00, 0x40, 0x00, 0x40, 0x00, 0x40, 0x00, 0x40, 0x00, 0x40, 0x00, 0x40, 0x00, 0x40, 0x00,
    0x00, 0x00, 0x00, 0x00, 0x00, 0x00, 0x20, 0x00, 0x20, 0x00, 0x20, 0x00, 0x20, 0x00, 0x20, 0x00,
    0x20, 0x00, 0x20, 0x00, 0x20, 0x00, 0x20, 0x00, 0x20, 0x00, 0x20, 0x00, 0x20, 0x00, 0x40, 0x00,
    0x40, 0x00, 0x00, 0x00, 0x00, 0x00, 0x00, 0x00, 0x46, 0x00, 0x40, 0x00, 0x48, 0x00, 0x40, 0x00,
    0x50, 0x00, 0x40, 0x00, 0x60, 0x00, 0x60, 0x00, 0x50, 0x00, 0x50, 0x00, 0x48, 0x00, 0x48, 0x00,
    0x44, 0x00, 0x46, 0x00, 0x00, 0x00, 0x00, 0x00, 0x00, 0x00, 0x80, 0x00, 0x80, 0x00, 0x80, 0x00,
    0x80, 0x00, 0x80, 0x00, 0x80, 0x00, 0x80, 0x00, 0x80, 0x00, 0x80, 0x00, 0x80, 0x00, 0x80, 0x00,
    0x80, 0x00, 0xf8, 0x00, 0xf8, 0x00, 0x00, 0x00, 0x00, 0x00, 0x00, 0x00, 0x40, 0x00, 0x40, 0x80,
    0x60, 0x80, 0x51, 0x80, 0x52, 0x80, 0x4e, 0x80, 0x4c, 0x80, 0x40, 0x80, 0x40, 0x80, 0x40, 0x80,
    0x40, 0x80, 0x40, 0x80, 0x40, 0x80, 0x40, 0x80, 0x00, 0x00, 0x00, 0x00, 0x00, 0x00, 0x41, 0x00,
    0x41, 0x00, 0x41, 0x00, 0x61, 0x00, 0x41, 0x00, 0x51, 0x00, 0x41, 0x00, 0x49, 0x00, 0x41, 0x00,
    0x45, 0x00, 0x43, 0x00, 0x41, 0x00, 0x41, 0x00, 0x41, 0x00, 0x00, 0x00, 0x00, 0x00, 0x00, 0x00,
    0x1c, 0x00, 0x3e, 0x00, 0x26, 0x00, 0x41, 0x00, 0x41, 0x00, 0x41, 0x00, 0x41, 0x00, 0x41, 0x00,
    0x41, 0x00, 0x41, 0x00, 0x41, 0x00, 0x26, 0x00, 0x3e, 0x00, 0x1c, 0x00, 0x00, 0x00, 0x00, 0x00,
    0x00, 0x00, 0x7c, 0x00, 0x7e, 0x00, 0x46, 0x00, 0x42, 0x00, 0x42, 0x00, 0x46, 0x00, 0x7e, 0x00,
    0x7c, 0x00, 0x40, 0x00, 0x40, 0x00, 0x40, 0x00, 0x40, 0x00, 0x40, 0x00, 0x40, 0x00, 0x00, 0x00,
    0x00, 0x00, 0x00, 0x00, 0x1c, 0x00, 0x3e, 0x00, 0x26, 0x00, 0x63, 0x00, 0x41, 0x00, 0x41, 0x00,
    0x41, 0x00, 0x41, 0x00, 0x41, 0x00, 0x41, 0x00, 0x41, 0x00, 0x22, 0x00, 0x26, 0x00, 0x1c, 0x00,
    0x04, 0x00, 0x06, 0x00, 0x00, 0x00, 0x7c, 0x00, 0x7e, 0x00, 0x46, 0x00, 0x42, 0x00, 0x42, 0x00,
    0x46, 0x00, 0x7e, 0x00, 0x7c, 0x00, 0x40, 0x00, 0x44, 0x00, 0x44, 0x00, 0x46, 0x00, 0x42, 0x00,
    0x42, 0x00, 0x00, 0x00, 0x00, 0x00, 0x00, 0x00, 0x30, 0x00, 0x78, 0x00, 0x48, 0x00, 0x40, 0x00,
    0x40, 0x00, 0x40, 0x00, 0x20, 0x00, 0x18, 0x00, 0x08, 0x00, 0x08, 0x00, 0x08, 0x00, 0x48, 0x00,
    0x78, 0x00, 0x30, 0x00, 0x00, 0x00, 0x00, 0x00, 0x00, 0x00, 0xfe, 0x00, 0xfe, 0x00, 0x10, 0x00,
    0x10, 0x00, 0x10, 0x00, 0x10, 0x00, 0x10, 0x00, 0x10, 0x00, 0x10, 0x00, 0x10, 0x00, 0x10, 0x00,
    0x10, 0x00, 0x10, 0x00, 0x10, 0x00, 0x00, 0x00, 0x00, 0x00, 0x00, 0x00, 0x46, 0x00, 0x46, 0x00,
    0x46, 0x00, 0x46, 0x00, 0x46, 0x00, 0x46, 0x00, 0x46, 0x00, 0x46, 0x00, 0x46, 0x00, 0x46, 0x00,
    0x46, 0x00, 0x66, 0x00, 0x3c, 0x00, 0x38, 0x00, 0x00, 0x00, 0x00, 0x00, 0x00, 0x00, 0x80, 0x00,
    0x42, 0x00, 0x42, 0x00, 0x46, 0x00, 0x04, 0x00, 0x24, 0x00, 0x20, 0x00, 0x28, 0x00, 0x28, 0x00,
    0x08, 0x00, 0x18, 0x00, 0x10, 0x00, 0x10, 0x00, 0x10, 0x00, 0x00, 0x00, 0x00, 0x00, 0x00, 0x00,
    0x89, 0x20, 0x48, 0x20, 0x42, 0x20, 0x46, 0x20, 0x06, 0x40, 0x26, 0x40, 0x26, 0x40, 0x22, 0x40,
    0x08, 0x00, 0x19, 0x80, 0x19, 0x80, 0x11, 0x80, 0x00, 0x00, 0x00, 0x00, 0x00, 0x00, 0x00, 0x00,
    0x00, 0x00, 0x42, 0x00, 0x46, 0x00, 0x44, 0x00, 0x20, 0x00, 0x28, 0x00, 0x08, 0x00, 0x10, 0x00,
    0x10, 0x00, 0x08, 0x00, 0x28, 0x00, 0x20, 0x00, 0x44, 0x00, 0x46, 0x00, 0x42, 0x00, 0x00, 0x00,
    0x00, 0x00, 0x00, 0x00, 0x42, 0x00, 0x42, 0x00, 0x46, 0x00, 0x24, 0x00, 0x28, 0x00, 0x38, 0x00,
    0x18, 0x00, 0x10, 0x00, 0x10, 0x00, 0x10, 0x00, 0x10, 0x00, 0x10, 0x00, 0x10, 0x00, 0x10, 0x00,
    0x00, 0x00, 0x00, 0x00, 0x00, 0x00, 0x7e, 0x00, 0x7e, 0x00, 0x04, 0x00, 0x00, 0x00, 0x08, 0x00,
    0x08, 0x00, 0x00, 0x00, 0x10, 0x00, 0x00, 0x00, 0x20, 0x00, 0x20, 0x00, 0x00, 0x00, 0x7e, 0x00,
    0x7e, 0x00, 0x00, 0x00, 0x00, 0x00, 0x00, 0x00, 0x00, 0x00, 0x00, 0x00, 0x00, 0x00, 0x00, 0x00,
    0x00, 0x00, 0x00, 0x00, 0x00, 0x00, 0x00, 0x00, 0x00, 0x00, 0x00, 0x00, 0x00, 0x00, 0x00, 0x00,
    0x00, 0x00, 0x00, 0x00, 0x00, 0x00, 0x00, 0x00,
};

static const bitmap_font_t s_share_tech_mono_18 = {
    .width = 12,
    .height = 17,
    .stride = 2,
    .data = s_share_tech_mono_18_data,
};

static const uint8_t s_share_tech_mono_30_data[7728] = {
    0x00, 0x00, 0x00, 0x00, 0x00, 0x00, 0x00, 0x00, 0x00, 0x00, 0x00, 0x00, 0x00, 0x00, 0x00, 0x00,
    0x00, 0x00, 0x00, 0x00, 0x00, 0x00, 0x00, 0x00, 0x00, 0x00, 0x00, 0x00, 0x00, 0x00, 0x00, 0x00,
    0x00, 0x00, 0x00, 0x00, 0x00, 0x00, 0x00, 0x00, 0x00, 0x00, 0x00, 0x00, 0x00, 0x00, 0x00, 0x00,
    0x00, 0x00, 0x00, 0x00, 0x00, 0x00, 0x00, 0x00, 0x00, 0x00, 0x00, 0x00, 0x00, 0x00, 0x00, 0x00,
    0x00, 0x00, 0x00, 0x00, 0x00, 0x00, 0x00, 0x00, 0x00, 0x00, 0x00, 0x00, 0x00, 0x00, 0x00, 0x00,
    0x00, 0x00, 0x00, 0x00, 0x00, 0x00, 0x00, 0x00, 0x00, 0x00, 0x60, 0x00, 0x00, 0x60, 0x00, 0x00,
    0x60, 0x00, 0x00, 0x60, 0x00, 0x00, 0x60, 0x00, 0x00, 0x60, 0x00, 0x00, 0x60, 0x00, 0x00, 0x60,
    0x00, 0x00, 0x60, 0x00, 0x00, 0x60, 0x00, 0x00, 0x60, 0x00, 0x00, 0x60, 0x00, 0x00, 0x60, 0x00,
    0x00, 0x20, 0x00, 0x00, 0x20, 0x00, 0x00, 0x20, 0x00, 0x00, 0x20, 0x00, 0x00, 0x20, 0x00, 0x00,
    0x00, 0x00, 0x00, 0x00, 0x00, 0x00, 0x00, 0x00, 0x00, 0x20, 0x00, 0x00, 0x20, 0x00, 0x00, 0x00,
    0x00, 0x00, 0x00, 0x00, 0x00, 0x00, 0x00, 0x00, 0x00, 0x00, 0x00, 0x00, 0x00, 0x00, 0x2c, 0x00,
    0x00, 0x2c, 0x00, 0x00, 0x2c, 0x00, 0x00, 0x2c, 0x00, 0x00, 0x2c, 0x00, 0x00, 0x2c, 0x00, 0x00,
    0x2c, 0x00, 0x00, 0x2c, 0x00, 0x00, 0x00, 0x00, 0x00, 0x00, 0x00, 0x00, 0x00, 0x00, 0x00, 0x00,
    0x00, 0x00, 0x00, 0x00, 0x00, 0x00, 0x00, 0x00, 0x00, 0x00, 0x00, 0x00, 0x00, 0x00, 0x00, 0x00,
    0x00, 0x00, 0x00, 0x00, 0x00, 0x00, 0x00, 0x00, 0x00, 0x00, 0x00, 0x00, 0x00, 0x00, 0x00, 0x00,
    0x00, 0x00, 0x00, 0x00, 0x00, 0x00, 0x00, 0x00, 0x00, 0x00, 0x00, 0x00, 0x00, 0x00, 0x00, 0x00,
    0x00, 0x00, 0x06, 0x10, 0x00, 0x04, 0x10, 0x00, 0x04, 0x10, 0x00, 0x04, 0x10, 0x00, 0x04, 0x10,
    0x00, 0x3f, 0xfe, 0x00, 0x3f, 0xfc, 0x00, 0x0c, 0x20, 0x00, 0x0c, 0x20, 0x00, 0x0c, 0x20, 0x00,
    0x08, 0x20, 0x00, 0x08, 0x60, 0x00, 0x08, 0x60, 0x00, 0x08, 0x60, 0x00, 0x18, 0x60, 0x00, 0x7f,
    0xf8, 0x00, 0x7f, 0xf8, 0x00, 0x10, 0x40, 0x00, 0x10, 0x40, 0x00, 0x10, 0x40, 0x00, 0x10, 0x80,
    0x00, 0x10, 0x80, 0x00, 0x10, 0x80, 0x00, 0x00, 0x00, 0x00, 0x00, 0x00, 0x00, 0x00, 0x00, 0x00,
    0x0c, 0x00, 0x00, 0x0c, 0x00, 0x00, 0x0c, 0x00, 0x00, 0x1e, 0x00, 0x00, 0x3f, 0x00, 0x00, 0x3d,
    0x00, 0x00, 0x6c, 0x00, 0x00, 0x4c, 0x00, 0x00, 0x4c, 0x00, 0x00, 0x4c, 0x00, 0x00, 0x6c, 0x00,
    0x00, 0x2c, 0x00, 0x00, 0x3c, 0x00, 0x00, 0x1e, 0x00, 0x00, 0x0e, 0x00, 0x00, 0x0f, 0x00, 0x00,
    0x0d, 0x00, 0x00, 0x0d, 0x00, 0x00, 0x0d, 0x00, 0x00, 0x0d, 0x00, 0x00, 0x0d, 0x00, 0x00, 0x0d,
    0x00, 0x00, 0x2f, 0x00, 0x00, 0x7e, 0x00, 0x00, 0x3e, 0x00, 0x00, 0x0c, 0x00, 0x00, 0x0c, 0x00,
    0x00, 0x0c, 0x00, 0x00, 0x00, 0x00, 0x00, 0x00, 0x00, 0x00, 0x30, 0x00, 0x00, 0x3c, 0x00, 0x00,
    0x2c, 0x60, 0x00, 0x44, 0x60, 0x00, 0x44, 0x40, 0x00, 0x44, 0x80, 0x00, 0x44, 0x80, 0x00, 0x2c,
    0x80, 0x00, 0x3d, 0x00, 0x00, 0x11, 0x00, 0x00, 0x03, 0x00, 0x00, 0x02, 0x00, 0x00, 0x02, 0x00,
    0x00, 0x04, 0x00, 0x00, 0x0c, 0xc0, 0x00, 0x0d, 0xe0, 0x00, 0x09, 0x20, 0x00, 0x12, 0x10, 0x00,
    0x12, 0x10, 0x00, 0x12, 0x10, 0x00, 0x23, 0x30, 0x00, 0x21, 0xe0, 0x00, 0x00, 0xc0, 0x00, 0x00,
    0x00, 0x00, 0x00, 0x00, 0x00, 0x00, 0x00, 0x00, 0x00, 0x00, 0x00, 0x00, 0x00, 0x00, 0x06, 0x00,
    0x00, 0x0f, 0x00, 0x00, 0x09, 0x00, 0x00, 0x11, 0x00, 0x00, 0x11, 0x00, 0x00, 0x11, 0x00, 0x00,
    0x11, 0x00, 0x00, 0x19, 0x00, 0x00, 0x0f, 0x00, 0x00, 0x0f, 0x00, 0x00, 0x1f, 0x00, 0x00, 0x1f,
    0x00, 0x00, 0x31, 0x80, 0x00, 0x31, 0x80, 0x00, 0x20, 0x80, 0x00, 0x20, 0xc0, 0x00, 0x20, 0xc0,
    0x00, 0x20, 0xe0, 0x00, 0x31, 0x60, 0x00, 0x31, 0x20, 0x00, 0x3f, 0x30, 0x00, 0x1e, 0x10, 0x00,
    0x0e, 0x18, 0x00, 0x00, 0x00, 0x00, 0x00, 0x00, 0x00, 0x00, 0x00, 0x00, 0x00, 0x00, 0x00, 0x00,
    0x00, 0x00, 0x20, 0x00, 0x00, 0x20, 0x00, 0x00, 0x20, 0x00, 0x00, 0x20, 0x00, 0x00, 0x20, 0x00,
    0x00, 0x20, 0x00, 0x00, 0x20, 0x00, 0x00, 0x20, 0x00, 0x00, 0x20, 0x00, 0x00, 0x00, 0x00, 0x00,
    0x00, 0x00, 0x00, 0x00, 0x00, 0x00, 0x00, 0x00, 0x00, 0x00, 0x00, 0x00, 0x00, 0x00, 0x00, 0x00,
    0x00, 0x00, 0x00, 0x00, 0x00, 0x00, 0x00, 0x00, 0x00, 0x00, 0x00, 0x00, 0x00, 0x00, 0x00, 0x00,
    0x00, 0x00, 0x00, 0x00, 0x00, 0x00, 0x00, 0x00, 0x00, 0x00, 0x00, 0x00, 0x00, 0x00, 0x00, 0x00,
    0x00, 0x00, 0x00, 0x00, 0x00, 0x00, 0x10, 0x00, 0x00, 0x10, 0x00, 0x00, 0x30, 0x00, 0x00, 0x20,
    0x00, 0x00, 0x20, 0x00, 0x00, 0x20, 0x00, 0x00, 0x20, 0x00, 0x00, 0x20, 0x00, 0x00, 0x20, 0x00,
    0x00, 0x20, 0x00, 0x00, 0x20, 0x00, 0x00, 0x20, 0x00, 0x00, 0x20, 0x00, 0x00, 0x20, 0x00, 0x00,
    0x20, 0x00, 0x00, 0x20, 0x00, 0x00, 0x20, 0x00, 0x00, 0x20, 0x00, 0x00, 0x20, 0x00, 0x00, 0x30,
    0x00, 0x00, 0x30, 0x00, 0x00, 0x10, 0x00, 0x00, 0x10, 0x00, 0x00, 0x00, 0x00, 0x00, 0x00, 0x00,
    0x00, 0x00, 0x00, 0x00, 0x00, 0x00, 0x00, 0x00, 0x00, 0x00, 0x40, 0x00, 0x00, 0x60, 0x00, 0x00,
    0x20, 0x00, 0x00, 0x20, 0x00, 0x00, 0x20, 0x00, 0x00, 0x20, 0x00, 0x00, 0x20, 0x00, 0x00, 0x20,
    0x00, 0x00, 0x20, 0x00, 0x00, 0x30, 0x00, 0x00, 0x30, 0x00, 0x00, 0x30, 0x00, 0x00, 0x30, 0x00,
    0x00, 0x20, 0x00, 0x00, 0x20, 0x00, 0x00, 0x20, 0x00, 0x00, 0x20, 0x00, 0x00, 0x20, 0x00, 0x00,
    0x20, 0x00, 0x00, 0x20, 0x00, 0x00, 0x20, 0x00, 0x00, 0x60, 0x00, 0x00, 0x40, 0x00, 0x00, 0x00,
    0x00, 0x00, 0x00, 0x00, 0x00, 0x00, 0x00, 0x00, 0x00, 0x00, 0x00, 0x00, 0x00, 0x00, 0x10, 0x00,
    0x00, 0x10, 0x00, 0x00, 0x10, 0x00, 0x00, 0x34, 0x00, 0x00, 0x18, 0x00, 0x00, 0x7e, 0x00, 0x00,
    0x7e, 0x00, 0x00, 0x1c, 0x00, 0x00, 0x34, 0x00, 0x00, 0x10, 0x00, 0x00, 0x10, 0x00, 0x00, 0x10,
    0x00, 0x00, 0x00, 0x00, 0x00, 0x00, 0x00, 0x00, 0x00, 0x00, 0x00, 0x00, 0x00, 0x00, 0x00, 0x00,
    0x00, 0x00, 0x00, 0x00, 0x00, 0x00, 0x00, 0x00, 0x00, 0x00, 0x00, 0x00, 0x00, 0x00, 0x00, 0x00,
    0x00, 0x00, 0x00, 0x00, 0x00, 0x00, 0x00, 0x00, 0x00, 0x00, 0x00, 0x00, 0x00, 0x00, 0x00, 0x00,
    0x00, 0x00, 0x00, 0x00, 0x00, 0x00, 0x00, 0x00, 0x00, 0x00, 0x00, 0x00, 0x00, 0x00, 0x00, 0x00,
    0x00, 0x00, 0x00, 0x00, 0x00, 0x00, 0x00, 0x0c, 0x00, 0x00, 0x0c, 0x00, 0x00, 0x0c, 0x00, 0x00,
    0x0c, 0x00, 0x00, 0x3f, 0x00, 0x00, 0x3f, 0x00, 0x00, 0x0c, 0x00, 0x00, 0x0c, 0x00, 0x00, 0x0c,
    0x00, 0x00, 0x0c, 0x00, 0x00, 0x0c, 0x00, 0x00, 0x00, 0x00, 0x00, 0x00, 0x00, 0x00, 0x00, 0x00,
    0x00, 0x00, 0x00, 0x00, 0x00, 0x00, 0x00, 0x00, 0x00, 0x00, 0x00, 0x00, 0x00, 0x00, 0x00, 0x00,
    0x00, 0x00, 0x00, 0x00, 0x00, 0x00, 0x00, 0x00, 0x00, 0x00, 0x00, 0x00, 0x00, 0x00, 0x00, 0x00,
    0x00, 0x00, 0x00, 0x00, 0x00, 0x00, 0x00, 0x00, 0x00, 0x00, 0x00, 0x00, 0x00, 0x00, 0x00, 0x00,
    0x00, 0x00, 0x00, 0x00, 0x00, 0x00, 0x00, 0x00, 0x00, 0x00, 0x00, 0x00, 0x00, 0x00, 0x00, 0x00,
    0x00, 0x00, 0x00, 0x00, 0x00, 0x00, 0x00, 0x00, 0x00, 0x00, 0x00, 0x00, 0x00, 0x00, 0x00, 0x60,
    0x00, 0x00, 0x60, 0x00, 0x00, 0x40, 0x00, 0x00, 0x40, 0x00, 0x00, 0x40, 0x00, 0x00, 0xc0, 0x00,
    0x00, 0x00, 0x00, 0x00, 0x00, 0x00, 0x00, 0x00, 0x00, 0x00, 0x00, 0x00, 0x00, 0x00, 0x00, 0x00,
    0x00, 0x00, 0x00, 0x00, 0x00, 0x00, 0x00, 0x00, 0x00, 0x00, 0x00, 0x00, 0x00, 0x00, 0x00, 0x00,
    0x00, 0x00, 0x00, 0x00, 0x00, 0x00, 0x00, 0x00, 0x00, 0x00, 0x00, 0x3f, 0x00, 0x00, 0x3f, 0x00,
    0x00, 0x30, 0x00, 0x00, 0x00, 0x00, 0x00, 0x00, 0x00, 0x00, 0x00, 0x00, 0x00, 0x00, 0x00, 0x00,
    0x00, 0x00, 0x00, 0x00, 0x00, 0x00, 0x00, 0x00, 0x00, 0x00, 0x00, 0x00, 0x00, 0x00, 0x00, 0x00,
    0x00, 0x00, 0x00, 0x00, 0x00, 0x00, 0x00, 0x00, 0x00, 0x00, 0x00, 0x00, 0x00, 0x00, 0x00, 0x00,
    0x00, 0x00, 0x00, 0x00, 0x00, 0x00, 0x00, 0x00, 0x00, 0x00, 0x00, 0x00, 0x00, 0x00, 0x00, 0x00,
    0x00, 0x00, 0x00, 0x00, 0x00, 0x00, 0x00, 0x00, 0x00, 0x00, 0x00, 0x00, 0x00, 0x00, 0x00, 0x00,
    0x00, 0x00, 0x00, 0x00, 0x00, 0x00, 0x00, 0x00, 0x00, 0x00, 0x00, 0x00, 0x00, 0x00, 0x00, 0x00,
    0x00, 0x00, 0x00, 0x00, 0x00, 0x00, 0x00, 0x00, 0x00, 0x00, 0x00, 0x00, 0x00, 0x40, 0x00, 0x00,
    0x40, 0x00, 0x00, 0x00, 0x00, 0x00, 0x00, 0x00, 0x00, 0x00, 0x00, 0x00, 0x00, 0x00, 0x00, 0x00,
    0x00, 0x00, 0x01, 0x00, 0x00, 0x03, 0x00, 0x00, 0x02, 0x00, 0x00, 0x02, 0x00, 0x00, 0x02, 0x00,
    0x00, 0x02, 0x00, 0x00, 0x06, 0x00, 0x00, 0x04, 0x00, 0x00, 0x0c, 0x00, 0x00, 0x0c, 0x00, 0x00,
    0x0c, 0x00, 0x00, 0x08, 0x00, 0x00, 0x18, 0x00, 0x00, 0x10, 0x00, 0x00, 0x10, 0x00, 0x00, 0x10,
    0x00, 0x00, 0x10, 0x00, 0x00, 0x30, 0x00, 0x00, 0x20, 0x00, 0x00, 0x20, 0x00, 0x00, 0x20, 0x00,
    0x00, 0x20, 0x00, 0x00, 0x60, 0x00, 0x00, 0x00, 0x00, 0x00, 0x00, 0x00, 0x00, 0x00, 0x00, 0x00,
    0x00, 0x00, 0x00, 0x00, 0x00, 0x00, 0x0e, 0x00, 0x00, 0x1f, 0x00, 0x00, 0x31, 0x80, 0x00, 0x20,
    0x80, 0x00, 0x20, 0x80, 0x00, 0x20, 0x80, 0x00, 0x20, 0x80, 0x00, 0x40, 0x40, 0x00, 0x40, 0x40,
    0x00, 0x40, 0x40, 0x00, 0x40, 0x40, 0x00, 0x40, 0x40, 0x00, 0x40, 0x40, 0x00, 0x40, 0x40, 0x00,
    0x40, 0x40, 0x00, 0x40, 0x40, 0x00, 0x20, 0xc0, 0x00, 0x20, 0x80, 0x00, 0x20, 0x80, 0x00, 0x20,
    0x80, 0x00, 0x31, 0x80, 0x00, 0x1f, 0x00, 0x00, 0x0e, 0x00, 0x00, 0x00, 0x00, 0x00, 0x00, 0x00,
    0x00, 0x00, 0x00, 0x00, 0x00, 0x00, 0x00, 0x00, 0x00, 0x00, 0x08, 0x00, 0x00, 0x08, 0x00, 0x00,
    0x18, 0x00, 0x00, 0x18, 0x00, 0x00, 0x38, 0x00, 0x00, 0x68, 0x00, 0x00, 0x68, 0x00, 0x00, 0x48,
    0x00, 0x00, 0x48, 0x00, 0x00, 0x08, 0x00, 0x00, 0x08, 0x00, 0x00, 0x08, 0x00, 0x00, 0x08, 0x00,
    0x00, 0x08, 0x00, 0x00, 0x08, 0x00, 0x00, 0x08, 0x00, 0x00, 0x08, 0x00, 0x00, 0x08, 0x00, 0x00,
    0x08, 0x00, 0x00, 0x08, 0x00, 0x00, 0x08, 0x00, 0x00, 0x08, 0x00, 0x00, 0x08, 0x00, 0x00, 0x00,
    0x00, 0x00, 0x00, 0x00, 0x00, 0x00, 0x00, 0x00, 0x00, 0x00, 0x00, 0x00, 0x00, 0x00, 0x1c, 0x00,
    0x00, 0x3e, 0x00, 0x00, 0x23, 0x00, 0x00, 0x23, 0x00, 0x00, 0x61, 0x00, 0x00, 0x01, 0x00, 0x00,
    0x01, 0x00, 0x00, 0x01, 0x00, 0x00, 0x03, 0x00, 0x00, 0x03, 0x00, 0x00, 0x02, 0x00, 0x00, 0x06,
    0x00, 0x00, 0x06, 0x00, 0x00, 0x0c, 0x00, 0x00, 0x0c, 0x00, 0x00, 0x1c, 0x00, 0x00, 0x18, 0x00,
    0x00, 0x10, 0x00, 0x00, 0x30, 0x00, 0x00, 0x20, 0x00, 0x00, 0x60, 0x00, 0x00, 0x7f, 0x80, 0x00,
    0x7f, 0x00, 0x00, 0x00, 0x00, 0x00, 0x00, 0x00, 0x00, 0x00, 0x00, 0x00, 0x00, 0x00, 0x00, 0x00,
    0x00, 0x00, 0x0c, 0x00, 0x00, 0x1e, 0x00, 0x00, 0x33, 0x00, 0x00, 0x21, 0x00, 0x00, 0x21, 0x00,
    0x00, 0x01, 0x00, 0x00, 0x01, 0x00, 0x00, 0x01, 0x00, 0x00, 0x01, 0x00, 0x00, 0x03, 0x00, 0x00,
    0x0e, 0x00, 0x00, 0x0f, 0x00, 0x00, 0x03, 0x00, 0x00, 0x01, 0x00, 0x00, 0x01, 0x80, 0x00, 0x00,
    0x80, 0x00, 0x00, 0x80, 0x00, 0x60, 0x80, 0x00, 0x21, 0x80, 0x00, 0x21, 0x00, 0x00, 0x33, 0x00,
    0x00, 0x1f, 0x00, 0x00, 0x0e, 0x00, 0x00, 0x00, 0x00, 0x00, 0x00, 0x00, 0x00, 0x00, 0x00, 0x00,
    0x00, 0x00, 0x00, 0x00, 0x00, 0x00, 0x00, 0x80, 0x00, 0x01, 0x80, 0x00, 0x01, 0x80, 0x00, 0x03,
    0x80, 0x00, 0x03, 0x80, 0x00, 0x02, 0x80, 0x00, 0x06, 0x80, 0x00, 0x0c, 0x80, 0x00, 0x0c, 0x80,
    0x00, 0x0c, 0x80, 0x00, 0x18, 0x80, 0x00, 0x10, 0x80, 0x00, 0x30, 0x80, 0x00, 0x30, 0x80, 0x00,
    0x20, 0x80, 0x00, 0x60, 0x80, 0x00, 0x7f, 0xe0, 0x00, 0x7f, 0xe0, 0x00, 0x00, 0x80, 0x00, 0x00,
    0x80, 0x00, 0x00, 0x80, 0x00, 0x00, 0x80, 0x00, 0x00, 0x80, 0x00, 0x00, 0x00, 0x00, 0x00, 0x00,
    0x00, 0x00, 0x00, 0x00, 0x00, 0x00, 0x00, 0x00, 0x00, 0x00, 0x1f, 0x80, 0x00, 0x3f, 0x80, 0x00,
    0x30, 0x00, 0x00, 0x20, 0x00, 0x00, 0x20, 0x00, 0x00, 0x20, 0x00, 0x00, 0x20, 0x00, 0x00, 0x20,
    0x00, 0x00, 0x2e, 0x00, 0x00, 0x3f, 0x00, 0x00, 0x3f, 0x00, 0x00, 0x21, 0x80, 0x00, 0x01, 0x80,
    0x00, 0x00, 0x80, 0x00, 0x00, 0x80, 0x00, 0x00, 0x80, 0x00, 0x00, 0x80, 0x00, 0x20, 0x80, 0x00,
    0x20, 0x80, 0x00, 0x21, 0x80, 0x00, 0x31, 0x00, 0x00, 0x1f, 0x00, 0x00, 0x0e, 0x00, 0x00, 0x00,
    0x00, 0x00, 0x00, 0x00, 0x00, 0x00, 0x00, 0x00, 0x00, 0x00, 0x00, 0x00, 0x00, 0x00, 0x06, 0x00,
    0x00, 0x04, 0x00, 0x00, 0x0c, 0x00, 0x00, 0x0c, 0x00, 0x00, 0x0c, 0x00, 0x00, 0x08, 0x00, 0x00,
    0x18, 0x00, 0x00, 0x18, 0x00, 0x00, 0x10, 0x00, 0x00, 0x30, 0x00, 0x00, 0x3c, 0x00, 0x00, 0x3e,
    0x00, 0x00, 0x33, 0x00, 0x00, 0x61, 0x00, 0x00, 0x41, 0x00, 0x00, 0x41, 0x00, 0x00, 0x41, 0x00,
    0x00, 0x41, 0x00, 0x00, 0x41, 0x00, 0x00, 0x21, 0x00, 0x00, 0x23, 0x00, 0x00, 0x3e, 0x00, 0x00,
    0x1c, 0x00, 0x00, 0x00, 0x00, 0x00, 0x00, 0x00, 0x00, 0x00, 0x00, 0x00, 0x00, 0x00, 0x00, 0x00,
    0x00, 0x00, 0x3f, 0x80, 0x00, 0x3f, 0x00, 0x00, 0x01, 0x00, 0x00, 0x01, 0x00, 0x00, 0x01, 0x00,
    0x00, 0x03, 0x00, 0x00, 0x02, 0x00, 0x00, 0x02, 0x00, 0x00, 0x02, 0x00, 0x00, 0x02, 0x00, 0x00,
    0x06, 0x00, 0x00, 0x04, 0x00, 0x00, 0x0c, 0x00, 0x00, 0x0c, 0x00, 0x00, 0x0c, 0x00, 0x00, 0x08,
    0x00, 0x00, 0x08, 0x00, 0x00, 0x10, 0x00, 0x00, 0x10, 0x00, 0x00, 0x10, 0x00, 0x00, 0x10, 0x00,
    0x00, 0x30, 0x00, 0x00, 0x20, 0x00, 0x00, 0x00, 0x00, 0x00, 0x00, 0x00, 0x00, 0x00, 0x00, 0x00,
    0x00, 0x00, 0x00, 0x00, 0x00, 0x00, 0x0e, 0x00, 0x00, 0x1f, 0x00, 0x00, 0x13, 0x00, 0x00, 0x11,
    0x00, 0x00, 0x11, 0x00, 0x00, 0x11, 0x00, 0x00, 0x11, 0x00, 0x00, 0x11, 0x00, 0x00, 0x13, 0x00,
    0x00, 0x1f, 0x00, 0x00, 0x1f, 0x00, 0x00, 0x31, 0x80, 0x00, 0x21, 0x80, 0x00, 0x20, 0x80, 0x00,
    0x20, 0x80, 0x00, 0x20, 0x80, 0x00, 0x20, 0x80, 0x00, 0x20, 0x80, 0x00, 0x20, 0x80, 0x00, 0x21,
    0x80, 0x00, 0x11, 0x00, 0x00, 0x1f, 0x00, 0x00, 0x0e, 0x00, 0x00, 0x00, 0x00, 0x00, 0x00, 0x00,
    0x00, 0x00, 0x00, 0x00, 0x00, 0x00, 0x00, 0x00, 0x00, 0x00, 0x1c, 0x00, 0x00, 0x3e, 0x00, 0x00,
    0x32, 0x00, 0x00, 0x21, 0x00, 0x00, 0x61, 0x00, 0x00, 0x41, 0x00, 0x00, 0x41, 0x00, 0x00, 0x41,
    0x00, 0x00, 0x41, 0x00, 0x00, 0x61, 0x00, 0x00, 0x21, 0x00, 0x00, 0x33, 0x00, 0x00, 0x1e, 0x00,
    0x00, 0x1e, 0x00, 0x00, 0x06, 0x00, 0x00, 0x04, 0x00, 0x00, 0x0c, 0x00, 0x00, 0x0c, 0x00, 0x00,
    0x0c, 0x00, 0x00, 0x08, 0x00, 0x00, 0x18, 0x00, 0x00, 0x10, 0x00, 0x00, 0x10, 0x00, 0x00, 0x00,
    0x00, 0x00, 0x00, 0x00, 0x00, 0x00, 0x00, 0x00, 0x00, 0x00, 0x00, 0x00, 0x00, 0x00, 0x00, 0x00,
    0x00, 0x00, 0x00, 0x00, 0x00, 0x00, 0x00, 0x00, 0x00, 0x00, 0x00, 0x00, 0x00, 0x00, 0x00, 0x00,
    0x00, 0x00, 0x00, 0x00, 0x00, 0x00, 0x40, 0x00, 0x00, 0x40, 0x00, 0x00, 0x40, 0x00, 0x00, 0x00,
    0x00, 0x00, 0x00, 0x00, 0x00, 0x00, 0x00, 0x00, 0x00, 0x00, 0x00, 0x00, 0x00, 0x00, 0x00, 0x00,
    0x00, 0x00, 0x00, 0x00, 0x00, 0x00, 0x00, 0x00, 0x00, 0x00, 0x40, 0x00, 0x00, 0x40, 0x00, 0x00,
    0x40, 0x00, 0x00, 0x00, 0x00, 0x00, 0x00, 0x00, 0x00, 0x00, 0x00, 0x00, 0x00, 0x00, 0x00, 0x00,
    0x00, 0x00, 0x00, 0x00, 0x00, 0x00, 0x00, 0x00, 0x00, 0x00, 0x00, 0x00, 0x00, 0x00, 0x00, 0x00,
    0x00, 0x00, 0x00, 0x00, 0x00, 0x00, 0x00, 0x00, 0x00, 0x00, 0x30, 0x00, 0x00, 0x30, 0x00, 0x00,
    0x30, 0x00, 0x00, 0x00, 0x00, 0x00, 0x00, 0x00, 0x00, 0x00, 0x00, 0x00, 0x00, 0x00, 0x00, 0x00,
    0x00, 0x00, 0x00, 0x00, 0x00, 0x00, 0x00, 0x00, 0x00, 0x00, 0x00, 0x00, 0x00, 0x00, 0x30, 0x00,
    0x00, 0x20, 0x00, 0x00, 0x20, 0x00, 0x00, 0x60, 0x00, 0x00, 0x60, 0x00, 0x00, 0x00, 0x00, 0x00,
    0x00, 0x00, 0x00, 0x00, 0x00, 0x00, 0x00, 0x00, 0x00, 0x00, 0x00, 0x00, 0x00, 0x00, 0x00, 0x00,
    0x00, 0x00, 0x00, 0x00, 0x00, 0x00, 0x00, 0x00, 0x00, 0x00, 0x00, 0x02, 0x00, 0x00, 0x02, 0x00,
    0x00, 0x06, 0x00, 0x00, 0x0c, 0x00, 0x00, 0x0c, 0x00, 0x00, 0x10, 0x00, 0x00, 0x30, 0x00, 0x00,
    0x20, 0x00, 0x00, 0x30, 0x00, 0x00, 0x10, 0x00, 0x00, 0x0c, 0x00, 0x00, 0x0c, 0x00, 0x00, 0x06,
    0x00, 0x00, 0x02, 0x00, 0x00, 0x02, 0x00, 0x00, 0x00, 0x00, 0x00, 0x00, 0x00, 0x00, 0x00, 0x00,
    0x00, 0x00, 0x00, 0x00, 0x00, 0x00, 0x00, 0x00, 0x00, 0x00, 0x00, 0x00, 0x00, 0x00, 0x00, 0x00,
    0x00, 0x00, 0x00, 0x00, 0x00, 0x00, 0x00, 0x00, 0x00, 0x00, 0x00, 0x00, 0x00, 0x00, 0x00, 0x00,
    0x00, 0x00, 0x00, 0x00, 0x00, 0x3f, 0x00, 0x00, 0x3f, 0x00, 0x00, 0x00, 0x00, 0x00, 0x00, 0x00,
    0x00, 0x00, 0x00, 0x00, 0x3f, 0x00, 0x00, 0x3f, 0x00, 0x00, 0x00, 0x00, 0x00, 0x00, 0x00, 0x00,
    0x00, 0x00, 0x00, 0x00, 0x00, 0x00, 0x00, 0x00, 0x00, 0x00, 0x00, 0x00, 0x00, 0x00, 0x00, 0x00,
    0x00, 0x00, 0x00, 0x00, 0x00, 0x00, 0x00, 0x00, 0x00, 0x00, 0x00, 0x00, 0x00, 0x00, 0x00, 0x00,
    0x00, 0x00, 0x00, 0x00, 0x00, 0x00, 0x00, 0x00, 0x00, 0x00, 0x00, 0x00, 0x00, 0x00, 0x00, 0x00,
    0x00, 0x00, 0x00, 0x00, 0x00, 0x00, 0x20, 0x00, 0x00, 0x20, 0x00, 0x00, 0x10, 0x00, 0x00, 0x18,
    0x00, 0x00, 0x0c, 0x00, 0x00, 0x0c, 0x00, 0x00, 0x02, 0x00, 0x00, 0x0c, 0x00, 0x00, 0x0c, 0x00,
    0x00, 0x18, 0x00, 0x00, 0x10, 0x00, 0x00, 0x20, 0x00, 0x00, 0x20, 0x00, 0x00, 0x00, 0x00, 0x00,
    0x00, 0x00, 0x00, 0x00, 0x00, 0x00, 0x00, 0x00, 0x00, 0x00, 0x00, 0x00, 0x00, 0x00, 0x00, 0x00,
    0x00, 0x00, 0x0e, 0x00, 0x00, 0x1f, 0x00, 0x00, 0x13, 0x00, 0x00, 0x21, 0x00, 0x00, 0x21, 0x80,
    0x00, 0x20, 0x80, 0x00, 0x20, 0x80, 0x00, 0x00, 0x80, 0x00, 0x01, 0x80, 0x00, 0x01, 0x00, 0x00,
    0x03, 0x00, 0x00, 0x0f, 0x00, 0x00, 0x0e, 0x00, 0x00, 0x08, 0x00, 0x00, 0x08, 0x00, 0x00, 0x08,
    0x00, 0x00, 0x08, 0x00, 0x00, 0x08, 0x00, 0x00, 0x00, 0x00, 0x00, 0x00, 0x00, 0x00, 0x00, 0x00,
    0x00, 0x08, 0x00, 0x00, 0x08, 0x00, 0x00, 0x00, 0x00, 0x00, 0x00, 0x00, 0x00, 0x00, 0x00, 0x00,
    0x00, 0x00, 0x00, 0x00, 0x00, 0x00, 0x03, 0xc0, 0x00, 0x0f, 0xe0, 0x00, 0x1c, 0x70, 0x00, 0x18,
    0x10, 0x00, 0x10, 0x08, 0x00, 0x30, 0x08, 0x00, 0x21, 0x88, 0x00, 0x23, 0xc4, 0x00, 0x26, 0x64,
    0x00, 0x26, 0x64, 0x00, 0x26, 0x64, 0x00, 0x26, 0x64, 0x00, 0x26, 0x44, 0x00, 0x23, 0xec, 0x00,
    0x23, 0xe8, 0x00, 0x20, 0x78, 0x00, 0x30, 0x38, 0x00, 0x10, 0x18, 0x00, 0x18, 0x10, 0x00, 0x0c,
    0x80, 0x00, 0x0f, 0x80, 0x00, 0x03, 0x80, 0x00, 0x00, 0x00, 0x00, 0x00, 0x00, 0x00, 0x00, 0x00,
    0x00, 0x00, 0x00, 0x00, 0x00, 0x00, 0x00, 0x00, 0x00, 0x00, 0x02, 0x00, 0x00, 0x02, 0x00, 0x00,
    0x02, 0x00, 0x00, 0x03, 0x00, 0x00, 0x03, 0x00, 0x00, 0x07, 0x00, 0x00, 0x05, 0x00, 0x00, 0x0d,
    0x80, 0x00, 0x0d, 0x80, 0x00, 0x0c, 0x80, 0x00, 0x0c, 0x80, 0x00, 0x08, 0x80, 0x00, 0x18, 0xc0,
    0x00, 0x10, 0x40, 0x00, 0x10, 0x60, 0x00, 0x10, 0x60, 0x00, 0x30, 0x60, 0x00, 0x20, 0x20, 0x00,
    0x20, 0x30, 0x00, 0x20, 0x10, 0x00, 0x60, 0x10, 0x00, 0x40, 0x10, 0x00, 0x40, 0x18, 0x00, 0x00,
    0x00, 0x00, 0x00, 0x00, 0x00, 0x00, 0x00, 0x00, 0x00, 0x00, 0x00, 0x00, 0x00, 0x00, 0x3f, 0x00,
    0x00, 0x3f, 0x00, 0x00, 0x01, 0x80, 0x00, 0x00, 0x80, 0x00, 0x00, 0x80, 0x00, 0x00, 0x80, 0x00,
    0x00, 0x80, 0x00, 0x00, 0x80, 0x00, 0x00, 0x80, 0x00, 0x00, 0x80, 0x00, 0x01, 0x80, 0x00, 0x3f,
    0x80, 0x00, 0x3f, 0x80, 0x00, 0x00, 0xc0, 0x00, 0x00, 0x60, 0x00, 0x00, 0x60, 0x00, 0x00, 0x60,
    0x00, 0x00, 0x60, 0x00, 0x00, 0x60, 0x00, 0x00, 0x60, 0x00, 0x00, 0xc0, 0x00, 0x3f, 0x80, 0x00,
    0x3f, 0x80, 0x00, 0x00, 0x00, 0x00, 0x00, 0x00, 0x00, 0x00, 0x00, 0x00, 0x00, 0x00, 0x00, 0x00,
    0x00, 0x00, 0x07, 0x00, 0x00, 0x1f, 0x80, 0x00, 0x18, 0xe0, 0x00, 0x30, 0x60, 0x00, 0x20, 0x40,
    0x00, 0x60, 0x00, 0x00, 0x40, 0x00, 0x00, 0x40, 0x00, 0x00, 0x40, 0x00, 0x00, 0x40, 0x00, 0x00,
    0x40, 0x00, 0x00, 0x40, 0x00, 0x00, 0x40, 0x00, 0x00, 0x40, 0x00, 0x00, 0x40, 0x00, 0x00, 0x40,
    0x00, 0x00, 0x40, 0x00, 0x00, 0x60, 0x00, 0x00, 0x20, 0x00, 0x00, 0x30, 0x40, 0x00, 0x18, 0xe0,
    0x00, 0x1f, 0xc0, 0x00, 0x07, 0x80, 0x00, 0x00, 0x00, 0x00, 0x00, 0x00, 0x00, 0x00, 0x00, 0x00,
    0x00, 0x00, 0x00, 0x00, 0x00, 0x00, 0x3e, 0x00, 0x00, 0x3f, 0x00, 0x00, 0x01, 0x80, 0x00, 0x00,
    0xc0, 0x00, 0x00, 0x60, 0x00, 0x00, 0x60, 0x00, 0x00, 0x20, 0x00, 0x00, 0x20, 0x00, 0x00, 0x30,
    0x00, 0x00, 0x10, 0x00, 0x00, 0x10, 0x00, 0x00, 0x10, 0x00, 0x00, 0x10, 0x00, 0x00, 0x10, 0x00,
    0x00, 0x10, 0x00, 0x00, 0x20, 0x00, 0x00, 0x20, 0x00, 0x00, 0x60, 0x00, 0x00, 0x60, 0x00, 0x00,
    0xc0, 0x00, 0x01, 0x80, 0x00, 0x3f, 0x00, 0x00, 0x3e, 0x00, 0x00, 0x00, 0x00, 0x00, 0x00, 0x00,
    0x00, 0x00, 0x00, 0x00, 0x00, 0x00, 0x00, 0x00, 0x00, 0x00, 0x3f, 0xc0, 0x00, 0x3f, 0xc0, 0x00,
    0x00, 0x00, 0x00, 0x00, 0x00, 0x00, 0x00, 0x00, 0x00, 0x00, 0x00, 0x00, 0x00, 0x00, 0x00, 0x00,
    0x00, 0x00, 0x00, 0x00, 0x00, 0x00, 0x00, 0x00, 0x00, 0x00, 0x00, 0x3f, 0x80, 0x00, 0x3f, 0x80,
    0x00, 0x00, 0x00, 0x00, 0x00, 0x00, 0x00, 0x00, 0x00, 0x00, 0x00, 0x00, 0x00, 0x00, 0x00, 0x00,
    0x00, 0x00, 0x00, 0x00, 0x00, 0x00, 0x00, 0x00, 0x00, 0x3f, 0xc0, 0x00, 0x3f, 0xc0, 0x00, 0x00,
    0x00, 0x00, 0x00, 0x00, 0x00, 0x00, 0x00, 0x00, 0x00, 0x00, 0x00, 0x00, 0x00, 0x00, 0x3f, 0x80,
    0x00, 0x3f, 0x80, 0x00, 0x00, 0x00, 0x00, 0x00, 0x00, 0x00, 0x00, 0x00, 0x00, 0x00, 0x00, 0x00,
    0x00, 0x00, 0x00, 0x00, 0x00, 0x00, 0x00, 0x00, 0x00, 0x00, 0x00, 0x00, 0x00, 0x00, 0x00, 0x3f,
    0x00, 0x00, 0x3f, 0x00, 0x00, 0x20, 0x00, 0x00, 0x20, 0x00, 0x00, 0x20, 0x00, 0x00, 0x20, 0x00,
    0x00, 0x20, 0x00, 0x00, 0x20, 0x00, 0x00, 0x20, 0x00, 0x00, 0x20, 0x00, 0x00, 0x20, 0x00, 0x00,
    0x20, 0x00, 0x00, 0x00, 0x00, 0x00, 0x00, 0x00, 0x00, 0x00, 0x00, 0x00, 0x00, 0x00, 0x00, 0x00,
    0x00, 0x00, 0x03, 0x80, 0x00, 0x0f, 0xe0, 0x00, 0x1c, 0x70, 0x00, 0x18, 0x20, 0x00, 0x30, 0x00,
    0x00, 0x20, 0x00, 0x00, 0x20, 0x00, 0x00, 0x20, 0x00, 0x00, 0x20, 0x00, 0x00, 0x60, 0x00, 0x00,
    0x40, 0x00, 0x00, 0x40, 0x00, 0x00, 0x40, 0xf0, 0x00, 0x40, 0xf0, 0x00, 0x00, 0x10, 0x00, 0x00,
    0x10, 0x00, 0x00, 0x10, 0x00, 0x00, 0x10, 0x00, 0x00, 0x10, 0x00, 0x00, 0x10, 0x00, 0x00, 0x10,
    0x00, 0x00, 0x10, 0x00, 0x00, 0x00, 0x00, 0x00, 0x00, 0x00, 0x00, 0x00, 0x00, 0x00, 0x00, 0x00,
    0x00, 0x00, 0x00, 0x00, 0x00, 0x00, 0x00, 0x60, 0x00, 0x00, 0x60, 0x00, 0x00, 0x60, 0x00, 0x00,
    0x60, 0x00, 0x00, 0x60, 0x00, 0x00, 0x60, 0x00, 0x00, 0x60, 0x00, 0x00, 0x60, 0x00, 0x00, 0x60,
    0x00, 0x00, 0x60, 0x00, 0x00, 0x60, 0x00, 0x3f, 0xe0, 0x00, 0x3f, 0xe0, 0x00, 0x20, 0x60, 0x00,
    0x20, 0x60, 0x00, 0x20, 0x60, 0x00, 0x20, 0x60, 0x00, 0x20, 0x60, 0x00, 0x20, 0x60, 0x00, 0x20,
    0x60, 0x00, 0x20, 0x60, 0x00, 0x20, 0x60, 0x00, 0x20, 0x60, 0x00, 0x00, 0x00, 0x00, 0x00, 0x00,
    0x00, 0x00, 0x00, 0x00, 0x00, 0x00, 0x00, 0x00, 0x00, 0x00, 0x20, 0x00, 0x00, 0x20, 0x00, 0x00,
    0x20, 0x00, 0x00, 0x20, 0x00, 0x00, 0x20, 0x00, 0x00, 0x20, 0x00, 0x00, 0x20, 0x00, 0x00, 0x20,
    0x00, 0x00, 0x20, 0x00, 0x00, 0x20, 0x00, 0x00, 0x20, 0x00, 0x00, 0x20, 0x00, 0x00, 0x20, 0x00,
    0x00, 0x20, 0x00, 0x00, 0x20, 0x00, 0x00, 0x20, 0x00, 0x00, 0x20, 0x00, 0x00, 0x20, 0x00, 0x00,
    0x20, 0x00, 0x00, 0x20, 0x00, 0x00, 0x20, 0x00, 0x00, 0x20, 0x00, 0x00, 0x20, 0x00, 0x00, 0x00,
    0x00, 0x00, 0x00, 0x00, 0x00, 0x00, 0x00, 0x00, 0x00, 0x00, 0x00, 0x00, 0x00, 0x00, 0x08, 0x00,
    0x00, 0x08, 0x00, 0x00, 0x08, 0x00, 0x00, 0x08, 0x00, 0x00, 0x08, 0x00, 0x00, 0x08, 0x00, 0x00,
    0x08, 0x00, 0x00, 0x08, 0x00, 0x00, 0x08, 0x00, 0x00, 0x08, 0x00, 0x00, 0x08, 0x00, 0x00, 0x08,
    0x00, 0x00, 0x08, 0x00, 0x00, 0x08, 0x00, 0x00, 0x08, 0x00, 0x00, 0x08, 0x00, 0x00, 0x08, 0x00,
    0x00, 0x08, 0x00, 0x00, 0x10, 0x00, 0x00, 0x10, 0x00, 0x00, 0x30, 0x00, 0x00, 0x60, 0x00, 0x00,
    0x60, 0x00, 0x00, 0x00, 0x00, 0x00, 0x00, 0x00, 0x00, 0x00, 0x00, 0x00, 0x00, 0x00, 0x00, 0x00,
    0x00, 0x00, 0x01, 0x80, 0x00, 0x01, 0x00, 0x00, 0x02, 0x00, 0x00, 0x06, 0x00, 0x00, 0x0c, 0x00,
    0x00, 0x0c, 0x00, 0x00, 0x18, 0x00, 0x00, 0x10, 0x00, 0x00, 0x30, 0x00, 0x00, 0x20, 0x00, 0x00,
    0x60, 0x00, 0x00, 0x60, 0x00, 0x00, 0x20, 0x00, 0x00, 0x30, 0x00, 0x00, 0x10, 0x00, 0x00, 0x18,
    0x00, 0x00, 0x0c, 0x00, 0x00, 0x0c, 0x00, 0x00, 0x06, 0x00, 0x00, 0x02, 0x00, 0x00, 0x03, 0x00,
    0x00, 0x01, 0x00, 0x00, 0x01, 0x80, 0x00, 0x00, 0x00, 0x00, 0x00, 0x00, 0x00, 0x00, 0x00, 0x00,
    0x00, 0x00, 0x00, 0x00, 0x00, 0x00, 0x40, 0x00, 0x00, 0x40, 0x00, 0x00, 0x40, 0x00, 0x00, 0x40,
    0x00, 0x00, 0x40, 0x00, 0x00, 0x40, 0x00, 0x00, 0x40, 0x00, 0x00, 0x40, 0x00, 0x00, 0x40, 0x00,
    0x00, 0x40, 0x00, 0x00, 0x40, 0x00, 0x00, 0x40, 0x00, 0x00, 0x40, 0x00, 0x00, 0x40, 0x00, 0x00,
    0x40, 0x00, 0x00, 0x40, 0x00, 0x00, 0x40, 0x00, 0x00, 0x40, 0x00, 0x00, 0x40, 0x00, 0x00, 0x40,
    0x00, 0x00, 0x40, 0x00, 0x00, 0x7f, 0x00, 0x00, 0x7f, 0x00, 0x00, 0x00, 0x00, 0x00, 0x00, 0x00,
    0x00, 0x00, 0x00, 0x00, 0x00, 0x00, 0x00, 0x00, 0x00, 0x00, 0x00, 0x00, 0x00, 0x20, 0x04, 0x00,
    0x20, 0x04, 0x00, 0x30, 0x0c, 0x00, 0x38, 0x1c, 0x00, 0x3c, 0x1c, 0x00, 0x2c, 0x34, 0x00, 0x26,
    0x64, 0x00, 0x23, 0xe4, 0x00, 0x23, 0xc4, 0x00, 0x21, 0x84, 0x00, 0x20, 0x04, 0x00, 0x20, 0x04,
    0x00, 0x20, 0x04, 0x00, 0x20, 0x04, 0x00, 0x20, 0x04, 0x00, 0x20, 0x04, 0x00, 0x20, 0x04, 0x00,
    0x20, 0x04, 0x00, 0x20, 0x04, 0x00, 0x20, 0x04, 0x00, 0x00, 0x00, 0x00, 0x00, 0x00, 0x00, 0x00,
    0x00, 0x00, 0x00, 0x00, 0x00, 0x00, 0x00, 0x00, 0x00, 0x00, 0x00, 0x00, 0x00, 0x00, 0x00, 0x00,
    0x00, 0x00, 0x00, 0x00, 0x20, 0x10, 0x00, 0x20, 0x10, 0x00, 0x30, 0x10, 0x00, 0x30, 0x10, 0x00,
    0x38, 0x10, 0x00, 0x2c, 0x10, 0x00, 0x2c, 0x10, 0x00, 0x26, 0x10, 0x00, 0x22, 0x10, 0x00, 0x23,
    0x10, 0x00, 0x21, 0x10, 0x00, 0x21, 0x90, 0x00, 0x20, 0x90, 0x00, 0x20, 0xd0, 0x00, 0x20, 0x70,
    0x00, 0x20, 0x70, 0x00, 0x20, 0x30, 0x00, 0x20, 0x10, 0x00, 0x20, 0x10, 0x00, 0x00, 0x00, 0x00,
    0x00, 0x00, 0x00, 0x00, 0x00, 0x00, 0x00, 0x00, 0x00, 0x00, 0x00, 0x00, 0x00, 0x00, 0x00, 0x00,
    0x00, 0x00, 0x07, 0x00, 0x00, 0x0f, 0x80, 0x00, 0x18, 0xe0, 0x00, 0x30, 0x60, 0x00, 0x20, 0x30,
    0x00, 0x20, 0x10, 0x00, 0x40, 0x10, 0x00, 0x40, 0x10, 0x00, 0x40, 0x18, 0x00, 0x40, 0x08, 0x00,
    0x40, 0x08, 0x00, 0x40, 0x08, 0x00, 0x40, 0x08, 0x00, 0x40, 0x08, 0x00, 0x40, 0x18, 0x00, 0x40,
    0x10, 0x00, 0x40, 0x10, 0x00, 0x20, 0x10, 0x00, 0x20, 0x30, 0x00, 0x30, 0x60, 0x00, 0x18, 0xe0,
    0x00, 0x0f, 0x80, 0x00, 0x07, 0x00, 0x00, 0x00, 0x00, 0x00, 0x00, 0x00, 0x00, 0x00, 0x00, 0x00,
    0x00, 0x00, 0x00, 0x00, 0x00, 0x00, 0x3f, 0xc0, 0x00, 0x3f, 0xe0, 0x00, 0x00, 0x60, 0x00, 0x00,
    0x30, 0x00, 0x00, 0x10, 0x00, 0x00, 0x10, 0x00, 0x00, 0x10, 0x00, 0x00, 0x10, 0x00, 0x00, 0x10,
    0x00, 0x00, 0x20, 0x00, 0x00, 0x60, 0x00, 0x3f, 0xe0, 0x00, 0x3f, 0x80, 0x00, 0x20, 0x00, 0x00,
    0x20, 0x00, 0x00, 0x20, 0x00, 0x00, 0x20, 0x00, 0x00, 0x20, 0x00, 0x00, 0x20, 0x00, 0x00, 0x20,
    0x00, 0x00, 0x20, 0x00, 0x00, 0x20, 0x00, 0x00, 0x20, 0x00, 0x00, 0x00, 0x00, 0x00, 0x00, 0x00,
    0x00, 0x00, 0x00, 0x00, 0x00, 0x00, 0x00, 0x00, 0x00, 0x00, 0x07, 0x00, 0x00, 0x0f, 0x80, 0x00,
    0x18, 0xe0, 0x00, 0x30, 0x60, 0x00, 0x20, 0x30, 0x00, 0x20, 0x10, 0x00, 0x40, 0x10, 0x00, 0x40,
    0x10, 0x00, 0x40, 0x08, 0x00, 0x40, 0x08, 0x00, 0x40, 0x08, 0x00, 0x40, 0x08, 0x00, 0x40, 0x08,
    0x00, 0x40, 0x08, 0x00, 0x40, 0x18, 0x00, 0x40, 0x10, 0x00, 0x60, 0x10, 0x00, 0x20, 0x30, 0x00,
    0x30, 0x60, 0x00, 0x38, 0xe0, 0x00, 0x1f, 0xc0, 0x00, 0x0f, 0x80, 0x00, 0x07, 0x00, 0x00, 0x01,
    0x80, 0x00, 0x00, 0xc0, 0x00, 0x00, 0xe0, 0x00, 0x00, 0x00, 0x00, 0x00, 0x00, 0x00, 0x3f, 0xc0,
    0x00, 0x3f, 0xe0, 0x00, 0x00, 0x60, 0x00, 0x00, 0x30, 0x00, 0x00, 0x10, 0x00, 0x00, 0x10, 0x00,
    0x00, 0x10, 0x00, 0x00, 0x10, 0x00, 0x00, 0x10, 0x00, 0x00, 0x20, 0x00, 0x00, 0x60, 0x00, 0x3f,
    0xe0, 0x00, 0x3f, 0x80, 0x00, 0x01, 0x80, 0x00, 0x00, 0x80, 0x00, 0x00, 0x80, 0x00, 0x00, 0x80,
    0x00, 0x00, 0x40, 0x00, 0x00, 0x40, 0x00, 0x00, 0x60, 0x00, 0x00, 0x60, 0x00, 0x00, 0x20, 0x00,
    0x00, 0x30, 0x00, 0x00, 0x00, 0x00, 0x00, 0x00, 0x00, 0x00, 0x00, 0x00, 0x00, 0x00, 0x00, 0x00,
    0x00, 0x00, 0x1e, 0x00, 0x00, 0x3f, 0x00, 0x00, 0x21, 0x00, 0x00, 0x20, 0x00, 0x00, 0x40, 0x00,
    0x00, 0x40, 0x00, 0x00, 0x40, 0x00, 0x00, 0x40, 0x00, 0x00, 0x60, 0x00, 0x00, 0x30, 0x00, 0x00,
    0x3c, 0x00, 0x00, 0x1e, 0x00, 0x00, 0x0f, 0x00, 0x00, 0x03, 0x00, 0x00, 0x01, 0x00, 0x00, 0x01,
    0x00, 0x00, 0x01, 0x00, 0x00, 0x01, 0x00, 0x00, 0x01, 0x00, 0x00, 0x01, 0x00, 0x00, 0x23, 0x00,
    0x00, 0x7e, 0x00, 0x00, 0x1c, 0x00, 0x00, 0x00, 0x00, 0x00, 0x00, 0x00, 0x00, 0x00, 0x00, 0x00,
    0x00, 0x00, 0x00, 0x00, 0x00, 0x00, 0x1f, 0x00, 0x00, 0x1f, 0x00, 0x00, 0x10, 0x00, 0x00, 0x10,
    0x00, 0x00, 0x10, 0x00, 0x00, 0x10, 0x00, 0x00, 0x10, 0x00, 0x00, 0x10, 0x00, 0x00, 0x10, 0x00,
    0x00, 0x10, 0x00, 0x00, 0x10, 0x00, 0x00, 0x10, 0x00, 0x00, 0x10, 0x00, 0x00, 0x10, 0x00, 0x00,
    0x10, 0x00, 0x00, 0x10, 0x00, 0x00, 0x10, 0x00, 0x00, 0x10, 0x00, 0x00, 0x10, 0x00, 0x00, 0x10,
    0x00, 0x00, 0x10, 0x00, 0x00, 0x10, 0x00, 0x00, 0x10, 0x00, 0x00, 0x00, 0x00, 0x00, 0x00, 0x00,
    0x00, 0x00, 0x00, 0x00, 0x00, 0x00, 0x00, 0x00, 0x00, 0x00, 0x20, 0x60, 0x00, 0x20, 0x60, 0x00,
    0x20, 0x60, 0x00, 0x20, 0x60, 0x00, 0x20, 0x60, 0x00, 0x20, 0x60, 0x00, 0x20, 0x60, 0x00, 0x20,
    0x60, 0x00, 0x20, 0x60, 0x00, 0x20, 0x60, 0x00, 0x20, 0x60, 0x00, 0x20, 0x60, 0x00, 0x20, 0x60,
    0x00, 0x20, 0x60, 0x00, 0x20, 0x60, 0x00, 0x20, 0x60, 0x00, 0x20, 0x60, 0x00, 0x20, 0x60, 0x00,
    0x20, 0x40, 0x00, 0x30, 0xc0, 0x00, 0x10, 0x80, 0x00, 0x1f, 0x80, 0x00, 0x0f, 0x00, 0x00, 0x00,
    0x00, 0x00, 0x00, 0x00, 0x00, 0x00, 0x00, 0x00, 0x00, 0x00, 0x00, 0x00, 0x00, 0x00, 0x40, 0x10,
    0x00, 0x40, 0x10, 0x00, 0x40, 0x10, 0x00, 0x60, 0x30, 0x00, 0x20, 0x20, 0x00, 0x20, 0x60, 0x00,
    0x20, 0x60, 0x00, 0x30, 0x60, 0x00, 0x10, 0x40, 0x00, 0x10, 0xc0, 0x00, 0x10, 0x80, 0x00, 0x18,
    0x80, 0x00, 0x08, 0x80, 0x00, 0x0d, 0x80, 0x00, 0x0d, 0x80, 0x00, 0x0d, 0x00, 0x00, 0x05, 0x00,
    0x00, 0x07, 0x00, 0x00, 0x07, 0x00, 0x00, 0x02, 0x00, 0x00, 0x02, 0x00, 0x00, 0x02, 0x00, 0x00,
    0x02, 0x00, 0x00, 0x00, 0x00, 0x00, 0x00, 0x00, 0x00, 0x00, 0x00, 0x00, 0x00, 0x00, 0x00, 0x00,
    0x00, 0x00, 0x41, 0x00, 0x20, 0x41, 0x80, 0x20, 0x61, 0x80, 0x60, 0x60, 0x80, 0x60, 0x20, 0x80,
    0x40, 0x20, 0xc0, 0x40, 0x30, 0xc0, 0xc0, 0x30, 0x60, 0xc0, 0x10, 0x60, 0x80, 0x10, 0x60, 0x80,
    0x18, 0x20, 0x80, 0x18, 0x31, 0x80, 0x0c, 0x11, 0x00, 0x0c, 0x13, 0x00, 0x0c, 0x13, 0x00, 0x0c,
    0x1b, 0x00, 0x04, 0x0a, 0x00, 0x06, 0x0e, 0x00, 0x02, 0x0c, 0x00, 0x02, 0x0c, 0x00, 0x02, 0x04,
    0x00, 0x02, 0x04, 0x00, 0x02, 0x00, 0x00, 0x00, 0x00, 0x00, 0x00, 0x00, 0x00, 0x00, 0x00, 0x00,
    0x00, 0x00, 0x00, 0x00, 0x00, 0x00, 0x40, 0x30, 0x00, 0x60, 0x60, 0x00, 0x20, 0x60, 0x00, 0x30,
    0x60, 0x00, 0x30, 0xc0, 0x00, 0x10, 0x80, 0x00, 0x18, 0x80, 0x00, 0x0d, 0x80, 0x00, 0x0d, 0x00,
    0x00, 0x0f, 0x00, 0x00, 0x07, 0x00, 0x00, 0x02, 0x00, 0x00, 0x07, 0x00, 0x00, 0x0f, 0x00, 0x00,
    0x0d, 0x00, 0x00, 0x0d, 0x80, 0x00, 0x18, 0x80, 0x00, 0x10, 0x80, 0x00, 0x30, 0xc0, 0x00, 0x30,
    0x60, 0x00, 0x20, 0x60, 0x00, 0x60, 0x60, 0x00, 0x40, 0x30, 0x00, 0x00, 0x00, 0x00, 0x00, 0x00,
    0x00, 0x00, 0x00, 0x00, 0x00, 0x00, 0x00, 0x00, 0x00, 0x00, 0x40, 0x30, 0x00, 0x60, 0x60, 0x00,
    0x20, 0x60, 0x00, 0x20, 0x60, 0x00, 0x30, 0xc0, 0x00, 0x10, 0x80, 0x00, 0x10, 0x80, 0x00, 0x19,
    0x80, 0x00, 0x0d, 0x00, 0x00, 0x0f, 0x00, 0x00, 0x0f, 0x00, 0x00, 0x06, 0x00, 0x00, 0x02, 0x00,
    0x00, 0x02, 0x00, 0x00, 0x02, 0x00, 0x00, 0x02, 0x00, 0x00, 0x02, 0x00, 0x00, 0x02, 0x00, 0x00,
    0x02, 0x00, 0x00, 0x02, 0x00, 0x00, 0x02, 0x00, 0x00, 0x02, 0x00, 0x00, 0x02, 0x00, 0x00, 0x00,
    0x00, 0x00, 0x00, 0x00, 0x00, 0x00, 0x00, 0x00, 0x00, 0x00, 0x00, 0x00, 0x00, 0x00, 0x7f, 0xf0,
    0x00, 0x7f, 0xf0, 0x00, 0x00, 0x60, 0x00, 0x00, 0x60, 0x00, 0x00, 0x60, 0x00, 0x00, 0xc0, 0x00,
    0x00, 0x80, 0x00, 0x01, 0x80, 0x00, 0x01, 0x00, 0x00, 0x01, 0x00, 0x00, 0x03, 0x00, 0x00, 0x02,
    0x00, 0x00, 0x06, 0x00, 0x00, 0x06, 0x00, 0x00, 0x0c, 0x00, 0x00, 0x0c, 0x00, 0x00, 0x18, 0x00,
    0x00, 0x18, 0x00, 0x00, 0x10, 0x00, 0x00, 0x30, 0x00, 0x00, 0x20, 0x00, 0x00, 0x7f, 0xf0, 0x00,
    0x7f, 0xf0, 0x00, 0x00, 0x00, 0x00, 0x00, 0x00, 0x00, 0x00, 0x00, 0x00, 0x00, 0x00, 0x00, 0x00,
    0x00, 0x00, 0x70, 0x00, 0x00, 0x70, 0x00, 0x00, 0x40, 0x00, 0x00, 0x40, 0x00, 0x00, 0x40, 0x00,
    0x00, 0x40, 0x00, 0x00, 0x40, 0x00, 0x00, 0x40, 0x00, 0x00, 0x40, 0x00, 0x00, 0x40, 0x00, 0x00,
    0x40, 0x00, 0x00, 0x40, 0x00, 0x00, 0x40, 0x00, 0x00, 0x40, 0x00, 0x00, 0x40, 0x00, 0x00, 0x40,
    0x00, 0x00, 0x40, 0x00, 0x00, 0x40, 0x00, 0x00, 0x40, 0x00, 0x00, 0x40, 0x00, 0x00, 0x40, 0x00,
    0x00, 0x70, 0x00, 0x00, 0x70, 0x00, 0x00, 0x00, 0x00, 0x00, 0x00, 0x00, 0x00, 0x00, 0x00, 0x00,
    0x00, 0x00, 0x00, 0x00, 0x00, 0x00, 0x60, 0x00, 0x00, 0x20, 0x00, 0x00, 0x20, 0x00, 0x00, 0x20,
    0x00, 0x00, 0x20, 0x00, 0x00, 0x30, 0x00, 0x00, 0x10, 0x00, 0x00, 0x10, 0x00, 0x00, 0x10, 0x00,
    0x00, 0x10, 0x00, 0x00, 0x18, 0x00, 0x00, 0x08, 0x00, 0x00, 0x0c, 0x00, 0x00, 0x0c, 0x00, 0x00,
    0x0c, 0x00, 0x00, 0x04, 0x00, 0x00, 0x06, 0x00, 0x00, 0x02, 0x00, 0x00, 0x02, 0x00, 0x00, 0x02,
    0x00, 0x00, 0x02, 0x00, 0x00, 0x03, 0x00, 0x00, 0x01, 0x00, 0x00, 0x00, 0x00, 0x00, 0x00, 0x00,
    0x00, 0x00, 0x00, 0x00, 0x00, 0x00, 0x00, 0x00, 0x00, 0x00, 0x3c, 0x00, 0x00, 0x3c, 0x00, 0x00,
    0x0c, 0x00, 0x00, 0x0c, 0x00, 0x00, 0x0c, 0x00, 0x00, 0x0c, 0x00, 0x00, 0x0c, 0x00, 0x00, 0x0c,
    0x00, 0x00, 0x0c, 0x00, 0x00, 0x0c, 0x00, 0x00, 0x0c, 0x00, 0x00, 0x0c, 0x00, 0x00, 0x0c, 0x00,
    0x00, 0x0c, 0x00, 0x00, 0x0c, 0x00, 0x00, 0x0c, 0x00, 0x00, 0x0c, 0x00, 0x00, 0x0c, 0x00, 0x00,
    0x0c, 0x00, 0x00, 0x0c, 0x00, 0x00, 0x0c, 0x00, 0x00, 0x3c, 0x00, 0x00, 0x3c, 0x00, 0x00, 0x00,
    0x00, 0x00, 0x00, 0x00, 0x00, 0x00, 0x00, 0x00, 0x00, 0x00, 0x00, 0x00, 0x00, 0x00, 0x00, 0x00,
    0x00, 0x00, 0x00, 0x00, 0x00, 0x00, 0x00, 0x00, 0x00, 0x00, 0x00, 0x00, 0x00, 0x00, 0x00, 0x00,
    0x00, 0x00, 0x00, 0x00, 0x00, 0x00, 0x00, 0x00, 0x00, 0x00, 0x00, 0x00, 0x00, 0x00, 0x00, 0x00,
    0x00, 0x00, 0x00, 0x00, 0x00, 0x00, 0x00, 0x00, 0x00, 0x00, 0x00, 0x00, 0x00, 0x00, 0x00, 0x00,
    0x00, 0x00, 0x00, 0x00, 0x00, 0x00, 0x00, 0x00, 0x00, 0x00, 0x00, 0x00, 0x00, 0x00, 0x00, 0x00,
    0x00, 0x00, 0x00, 0x00, 0x00, 0x00, 0x00, 0x00, 0x00, 0x00, 0x00, 0x00, 0x00, 0x00, 0x00, 0x00,
    0x00, 0x00, 0x00, 0x00, 0x00, 0x00, 0x00, 0x00, 0x00, 0x00, 0x00, 0x00, 0x00, 0x00, 0x00, 0x00,
    0x00, 0x00, 0x00, 0x00, 0x00, 0x00, 0x00, 0x00, 0x00, 0x00, 0x00, 0x00, 0x00, 0x00, 0x00, 0x00,
    0x00, 0x00, 0x00, 0x00, 0x00, 0x00, 0x00, 0x00, 0x00, 0x00, 0x00, 0x00, 0x00, 0x00, 0x00, 0x00,
    0x00, 0x00, 0x00, 0x00, 0x00, 0x00, 0x00, 0x00, 0x00, 0x00, 0x00, 0x00, 0x00, 0x00, 0x00, 0x00,
    0x00, 0x00, 0x00, 0x00, 0x00, 0x00, 0x00, 0x00, 0x00, 0x00, 0x00, 0x00, 0x00, 0x00, 0x00, 0x00,
    0x00, 0x00, 0x00, 0x00, 0x00, 0x00, 0x00, 0x00, 0x00, 0x00, 0x00, 0x00, 0x00, 0x00, 0x00, 0x00,
    0x00, 0x00, 0x00, 0x00, 0x00, 0x00, 0x00, 0x00, 0x00, 0x00, 0x00, 0x00, 0x00, 0x00, 0x00, 0x00,
    0x00, 0x00, 0x00, 0x00, 0x00, 0x00, 0x00, 0x00, 0x00, 0x00, 0x00, 0x00, 0x00, 0x00, 0x00, 0x00,
    0x00, 0x00, 0x00, 0x00, 0x00, 0x00, 0x00, 0x00, 0x00, 0x00, 0x00, 0x00, 0x00, 0x00, 0x00, 0x00,
    0x00, 0x00, 0x00, 0x00, 0x00, 0x00, 0x00, 0x00, 0x00, 0x00, 0x00, 0x00, 0x00, 0x00, 0x00, 0x00,
    0x00, 0x00, 0x00, 0x00, 0x00, 0x00, 0x00, 0x00, 0x00, 0x00, 0x02, 0x00, 0x00, 0x02, 0x00, 0x00,
    0x02, 0x00, 0x00, 0x03, 0x00, 0x00, 0x03, 0x00, 0x00, 0x07, 0x00, 0x00, 0x07, 0x00, 0x00, 0x0d,
    0x80, 0x00, 0x0d, 0x80, 0x00, 0x0c, 0x80, 0x00, 0x0c, 0x80, 0x00, 0x08, 0x80, 0x00, 0x18, 0xc0,
    0x00, 0x10, 0xc0, 0x00, 0x10, 0x60, 0x00, 0x10, 0x60, 0x00, 0x3f, 0xe0, 0x00, 0x3f, 0xe0, 0x00,
    0x20, 0x30, 0x00, 0x20, 0x10, 0x00, 0x60, 0x10, 0x00, 0x40, 0x10, 0x00, 0x40, 0x18, 0x00, 0x00,
    0x00, 0x00, 0x00, 0x00, 0x00, 0x00, 0x00, 0x00, 0x00, 0x00, 0x00, 0x00, 0x00, 0x00, 0x3f, 0x00,
    0x00, 0x3f, 0x00, 0x00, 0x21, 0x80, 0x00, 0x20, 0x80, 0x00, 0x20, 0x80, 0x00, 0x20, 0x80, 0x00,
    0x20, 0x80, 0x00, 0x20, 0x80, 0x00, 0x20, 0x80, 0x00, 0x20, 0x80, 0x00, 0x21, 0x80, 0x00, 0x3f,
    0x80, 0x00, 0x3f, 0x80, 0x00, 0x20, 0xc0, 0x00, 0x20, 0x60, 0x00, 0x20, 0x60, 0x00, 0x20, 0x60,
    0x00, 0x20, 0x60, 0x00, 0x20, 0x60, 0x00, 0x20, 0x60, 0x00, 0x20, 0xc0, 0x00, 0x3f, 0x80, 0x00,
    0x3f, 0x80, 0x00, 0x00, 0x00, 0x00, 0x00, 0x00, 0x00, 0x00, 0x00, 0x00, 0x00, 0x00, 0x00, 0x00,
    0x00, 0x00, 0x07, 0x00, 0x00, 0x1f, 0x80, 0x00, 0x18, 0xe0, 0x00, 0x30, 0x60, 0x00, 0x20, 0x40,
    0x00, 0x60, 0x00, 0x00, 0x40, 0x00, 0x00, 0x40, 0x00, 0x00, 0x40, 0x00, 0x00, 0x40, 0x00, 0x00,
    0x40, 0x00, 0x00, 0x40, 0x00, 0x00, 0x40, 0x00, 0x00, 0x40, 0x00, 0x00, 0x40, 0x00, 0x00, 0x40,
    0x00, 0x00, 0x40, 0x00, 0x00, 0x60, 0x00, 0x00, 0x20, 0x00, 0x00, 0x30, 0x40, 0x00, 0x18, 0xe0,
    0x00, 0x1f, 0xc0, 0x00, 0x07, 0x80, 0x00, 0x00, 0x00, 0x00, 0x00, 0x00, 0x00, 0x00, 0x00, 0x00,
    0x00, 0x00, 0x00, 0x00, 0x00, 0x00, 0x3e, 0x00, 0x00, 0x3f, 0x00, 0x00, 0x21, 0x80, 0x00, 0x20,
    0xc0, 0x00, 0x20, 0x60, 0x00, 0x20, 0x60, 0x00, 0x20, 0x20, 0x00, 0x20, 0x20, 0x00, 0x20, 0x30,
    0x00, 0x20, 0x10, 0x00, 0x20, 0x10, 0x00, 0x20, 0x10, 0x00, 0x20, 0x10, 0x00, 0x20, 0x10, 0x00,
    0x20, 0x30, 0x00, 0x20, 0x20, 0x00, 0x20, 0x20, 0x00, 0x20, 0x60, 0x00, 0x20, 0x60, 0x00, 0x20,
    0xc0, 0x00, 0x21, 0x80, 0x00, 0x3f, 0x00, 0x00, 0x3e, 0x00, 0x00, 0x00, 0x00, 0x00, 0x00, 0x00,
    0x00, 0x00, 0x00, 0x00, 0x00, 0x00, 0x00, 0x00, 0x00, 0x00, 0x3f, 0x80, 0x00, 0x3f, 0x80, 0x00,
    0x20, 0x00, 0x00, 0x20, 0x00, 0x00, 0x20, 0x00, 0x00, 0x20, 0x00, 0x00, 0x20, 0x00, 0x00, 0x20,
    0x00, 0x00, 0x20, 0x00, 0x00, 0x20, 0x00, 0x00, 0x20, 0x00, 0x00, 0x3f, 0x00, 0x00, 0x3f, 0x00,
    0x00, 0x20, 0x00, 0x00, 0x20, 0x00, 0x00, 0x20, 0x00, 0x00, 0x20, 0x00, 0x00, 0x20, 0x00, 0x00,
    0x20, 0x00, 0x00, 0x20, 0x00, 0x00, 0x20, 0x00, 0x00, 0x3f, 0x80, 0x00, 0x3f, 0x80, 0x00, 0x00,
    0x00, 0x00, 0x00, 0x00, 0x00, 0x00, 0x00, 0x00, 0x00, 0x00, 0x00, 0x00, 0x00, 0x00, 0x3f, 0x80,
    0x00, 0x3f, 0x80, 0x00, 0x20, 0x00, 0x00, 0x20, 0x00, 0x00, 0x20, 0x00, 0x00, 0x20, 0x00, 0x00,
    0x20, 0x00, 0x00, 0x20, 0x00, 0x00, 0x20, 0x00, 0x00, 0x20, 0x00, 0x00, 0x20, 0x00, 0x00, 0x3f,
    0x00, 0x00, 0x3f, 0x00, 0x00, 0x20, 0x00, 0x00, 0x20, 0x00, 0x00, 0x20, 0x00, 0x00, 0x20, 0x00,
    0x00, 0x20, 0x00, 0x00, 0x20, 0x00, 0x00, 0x20, 0x00, 0x00, 0x20, 0x00, 0x00, 0x20, 0x00, 0x00,
    0x20, 0x00, 0x00, 0x00, 0x00, 0x00, 0x00, 0x00, 0x00, 0x00, 0x00, 0x00, 0x00, 0x00, 0x00, 0x00,
    0x00, 0x00, 0x03, 0x80, 0x00, 0x0f, 0xe0, 0x00, 0x1c, 0x60, 0x00, 0x10, 0x30, 0x00, 0x30, 0x00,
    0x00, 0x20, 0x00, 0x00, 0x20, 0x00, 0x00, 0x20, 0x00, 0x00, 0x40, 0x00, 0x00, 0x40, 0x00, 0x00,
    0x40, 0x00, 0x00, 0x40, 0x00, 0x00, 0x40, 0xf0, 0x00, 0x40, 0xf0, 0x00, 0x40, 0x10, 0x00, 0x20,
    0x10, 0x00, 0x20, 0x10, 0x00, 0x20, 0x10, 0x00, 0x30, 0x10, 0x00, 0x10, 0x30, 0x00, 0x1c, 0x60,
    0x00, 0x0f, 0xe0, 0x00, 0x03, 0x80, 0x00, 0x00, 0x00, 0x00, 0x00, 0x00, 0x00, 0x00, 0x00, 0x00,
    0x00, 0x00, 0x00, 0x00, 0x00, 0x00, 0x20, 0x60, 0x00, 0x20, 0x60, 0x00, 0x20, 0x60, 0x00, 0x20,
    0x60, 0x00, 0x20, 0x60, 0x00, 0x20, 0x60, 0x00, 0x20, 0x60, 0x00, 0x20, 0x60, 0x00, 0x20, 0x60,
    0x00, 0x20, 0x60, 0x00, 0x20, 0x60, 0x00, 0x3f, 0xe0, 0x00, 0x3f, 0xe0, 0x00, 0x20, 0x60, 0x00,
    0x20, 0x60, 0x00, 0x20, 0x60, 0x00, 0x20, 0x60, 0x00, 0x20, 0x60, 0x00, 0x20, 0x60, 0x00, 0x20,
    0x60, 0x00, 0x20, 0x60, 0x00, 0x20, 0x60, 0x00, 0x20, 0x60, 0x00, 0x00, 0x00, 0x00, 0x00, 0x00,
    0x00, 0x00, 0x00, 0x00, 0x00, 0x00, 0x00, 0x00, 0x00, 0x00, 0x20, 0x00, 0x00, 0x20, 0x00, 0x00,
    0x20, 0x00, 0x00, 0x20, 0x00, 0x00, 0x20, 0x00, 0x00, 0x20, 0x00, 0x00, 0x20, 0x00, 0x00, 0x20,
    0x00, 0x00, 0x20, 0x00, 0x00, 0x20, 0x00, 0x00, 0x20, 0x00, 0x00, 0x20, 0x00, 0x00, 0x20, 0x00,
    0x00, 0x20, 0x00, 0x00, 0x20, 0x00, 0x00, 0x20, 0x00, 0x00, 0x20, 0x00, 0x00, 0x20, 0x00, 0x00,
    0x20, 0x00, 0x00, 0x20, 0x00, 0x00, 0x20, 0x00, 0x00, 0x20, 0x00, 0x00, 0x20, 0x00, 0x00, 0x00,
    0x00, 0x00, 0x00, 0x00, 0x00, 0x00, 0x00, 0x00, 0x00, 0x00, 0x00, 0x00, 0x00, 0x00, 0x08, 0x00,
    0x00, 0x08, 0x00, 0x00, 0x08, 0x00, 0x00, 0x08, 0x00, 0x00, 0x08, 0x00, 0x00, 0x08, 0x00, 0x00,
    0x08, 0x00, 0x00, 0x08, 0x00, 0x00, 0x08, 0x00, 0x00, 0x08, 0x00, 0x00, 0x08, 0x00, 0x00, 0x08,
    0x00, 0x00, 0x08, 0x00, 0x00, 0x08, 0x00, 0x00, 0x08, 0x00, 0x00, 0x08, 0x00, 0x00, 0x08, 0x00,
    0x00, 0x08, 0x00, 0x00, 0x10, 0x00, 0x00, 0x10, 0x00, 0x00, 0x30, 0x00, 0x00, 0x60, 0x00, 0x00,
    0x60, 0x00, 0x00, 0x00, 0x00, 0x00, 0x00, 0x00, 0x00, 0x00, 0x00, 0x00, 0x00, 0x00, 0x00, 0x00,
    0x00, 0x00, 0x20, 0x60, 0x00, 0x20, 0xc0, 0x00, 0x20, 0x80, 0x00, 0x21, 0x80, 0x00, 0x21, 0x00,
    0x00, 0x23, 0x00, 0x00, 0x22, 0x00, 0x00, 0x26, 0x00, 0x00, 0x2c, 0x00, 0x00, 0x2c, 0x00, 0x00,
    0x38, 0x00, 0x00, 0x38, 0x00, 0x00, 0x2c, 0x00, 0x00, 0x2c, 0x00, 0x00, 0x26, 0x00, 0x00, 0x22,
    0x00, 0x00, 0x23, 0x00, 0x00, 0x21, 0x00, 0x00, 0x21, 0x80, 0x00, 0x20, 0x80, 0x00, 0x20, 0xc0,
    0x00, 0x20, 0x40, 0x00, 0x20, 0x60, 0x00, 0x00, 0x00, 0x00, 0x00, 0x00, 0x00, 0x00, 0x00, 0x00,
    0x00, 0x00, 0x00, 0x00, 0x00, 0x00, 0x40, 0x00, 0x00, 0x40, 0x00, 0x00, 0x40, 0x00, 0x00, 0x40,
    0x00, 0x00, 0x40, 0x00, 0x00, 0x40, 0x00, 0x00, 0x40, 0x00, 0x00, 0x40, 0x00, 0x00, 0x40, 0x00,
    0x00, 0x40, 0x00, 0x00, 0x40, 0x00, 0x00, 0x40, 0x00, 0x00, 0x40, 0x00, 0x00, 0x40, 0x00, 0x00,
    0x40, 0x00, 0x00, 0x40, 0x00, 0x00, 0x40, 0x00, 0x00, 0x40, 0x00, 0x00, 0x40, 0x00, 0x00, 0x40,
    0x00, 0x00, 0x40, 0x00, 0x00, 0x7f, 0x00, 0x00, 0x7f, 0x00, 0x00, 0x00, 0x00, 0x00, 0x00, 0x00,
    0x00, 0x00, 0x00, 0x00, 0x00, 0x00, 0x00, 0x00, 0x00, 0x00, 0x00, 0x00, 0x00, 0x20, 0x04, 0x00,
    0x20, 0x04, 0x00, 0x30, 0x0c, 0x00, 0x38, 0x1c, 0x00, 0x3c, 0x1c, 0x00, 0x2c, 0x34, 0x00, 0x26,
    0x64, 0x00, 0x23, 0xe4, 0x00, 0x23, 0xc4, 0x00, 0x21, 0x84, 0x00, 0x20, 0x04, 0x00, 0x20, 0x04,
    0x00, 0x20, 0x04, 0x00, 0x20, 0x04, 0x00, 0x20, 0x04, 0x00, 0x20, 0x04, 0x00, 0x20, 0x04, 0x00,
    0x20, 0x04, 0x00, 0x20, 0x04, 0x00, 0x20, 0x04, 0x00, 0x20, 0x04, 0x00, 0x20, 0x04, 0x00, 0x00,
    0x00, 0x00, 0x00, 0x00, 0x00, 0x00, 0x00, 0x00, 0x00, 0x00, 0x00, 0x00, 0x00, 0x00, 0x00, 0x10,
    0x00, 0x00, 0x10, 0x00, 0x20, 0x10, 0x00, 0x20, 0x10, 0x00, 0x30, 0x10, 0x00, 0x30, 0x10, 0x00,
    0x38, 0x10, 0x00, 0x2c, 0x10, 0x00, 0x2c, 0x10, 0x00, 0x26, 0x10, 0x00, 0x22, 0x10, 0x00, 0x23,
    0x10, 0x00, 0x21, 0x10, 0x00, 0x21, 0x90, 0x00, 0x20, 0x90, 0x00, 0x20, 0xd0, 0x00, 0x20, 0x70,
    0x00, 0x20, 0x70, 0x00, 0x20, 0x30, 0x00, 0x20, 0x10, 0x00, 0x20, 0x10, 0x00, 0x20, 0x00, 0x00,
    0x20, 0x00, 0x00, 0x00, 0x00, 0x00, 0x00, 0x00, 0x00, 0x00, 0x00, 0x00, 0x00, 0x00, 0x00, 0x00,
    0x00, 0x00, 0x07, 0x00, 0x00, 0x0f, 0x80, 0x00, 0x18, 0xe0, 0x00, 0x30, 0x60, 0x00, 0x20, 0x30,
    0x00, 0x20, 0x10, 0x00, 0x40, 0x10, 0x00, 0x40, 0x10, 0x00, 0x40, 0x18, 0x00, 0x40, 0x08, 0x00,
    0x40, 0x08, 0x00, 0x40, 0x08, 0x00, 0x40, 0x08, 0x00, 0x40, 0x08, 0x00, 0x40, 0x18, 0x00, 0x40,
    0x10, 0x00, 0x40, 0x10, 0x00, 0x20, 0x10, 0x00, 0x20, 0x30, 0x00, 0x30, 0x60, 0x00, 0x18, 0xe0,
    0x00, 0x0f, 0x80, 0x00, 0x07, 0x00, 0x00, 0x00, 0x00, 0x00, 0x00, 0x00, 0x00, 0x00, 0x00, 0x00,
    0x00, 0x00, 0x00, 0x00, 0x00, 0x00, 0x3f, 0xc0, 0x00, 0x3f, 0xe0, 0x00, 0x20, 0x60, 0x00, 0x20,
    0x30, 0x00, 0x20, 0x10, 0x00, 0x20, 0x10, 0x00, 0x20, 0x10, 0x00, 0x20, 0x10, 0x00, 0x20, 0x10,
    0x00, 0x20, 0x20, 0x00, 0x20, 0x60, 0x00, 0x3f, 0xe0, 0x00, 0x3f, 0x80, 0x00, 0x20, 0x00, 0x00,
    0x20, 0x00, 0x00, 0x20, 0x00, 0x00, 0x20, 0x00, 0x00, 0x20, 0x00, 0x00, 0x20, 0x00, 0x00, 0x20,
    0x00, 0x00, 0x20, 0x00, 0x00, 0x20, 0x00, 0x00, 0x20, 0x00, 0x00, 0x00, 0x00, 0x00, 0x00, 0x00,
    0x00, 0x00, 0x00, 0x00, 0x00, 0x00, 0x00, 0x00, 0x00, 0x00, 0x07, 0x00, 0x00, 0x0f, 0x80, 0x00,
    0x18, 0xe0, 0x00, 0x30, 0x60, 0x00, 0x20, 0x30, 0x00, 0x20, 0x10, 0x00, 0x40, 0x10, 0x00, 0x40,
    0x10, 0x00, 0x40, 0x08, 0x00, 0x40, 0x08, 0x00, 0x40, 0x08, 0x00, 0x40, 0x08, 0x00, 0x40, 0x08,
    0x00, 0x40, 0x08, 0x00, 0x40, 0x18, 0x00, 0x40, 0x10, 0x00, 0x60, 0x10, 0x00, 0x20, 0x30, 0x00,
    0x30, 0x60, 0x00, 0x38, 0xe0, 0x00, 0x1f, 0xc0, 0x00, 0x0f, 0x80, 0x00, 0x07, 0x00, 0x00, 0x01,
    0x80, 0x00, 0x00, 0xc0, 0x00, 0x00, 0xe0, 0x00, 0x00, 0x00, 0x00, 0x00, 0x00, 0x00, 0x3f, 0xc0,
    0x00, 0x3f, 0xe0, 0x00, 0x20, 0x60, 0x00, 0x20, 0x30, 0x00, 0x20, 0x10, 0x00, 0x20, 0x10, 0x00,
    0x20, 0x10, 0x00, 0x20, 0x10, 0x00, 0x20, 0x10, 0x00, 0x20, 0x20, 0x00, 0x20, 0x60, 0x00, 0x3f,
    0xe0, 0x00, 0x3f, 0x80, 0x00, 0x21, 0x80, 0x00, 0x20, 0x80, 0x00, 0x20, 0x80, 0x00, 0x20, 0x80,
    0x00, 0x20, 0xc0, 0x00, 0x20, 0x60, 0x00, 0x20, 0x60, 0x00, 0x20, 0x60, 0x00, 0x20, 0x20, 0x00,
    0x20, 0x30, 0x00, 0x00, 0x00, 0x00, 0x00, 0x00, 0x00, 0x00, 0x00, 0x00, 0x00, 0x00, 0x00, 0x00,
    0x00, 0x00, 0x1e, 0x00, 0x00, 0x3f, 0x00, 0x00, 0x21, 0x00, 0x00, 0x20, 0x00, 0x00, 0x40, 0x00,
    0x00, 0x40, 0x00, 0x00, 0x40, 0x00, 0x00, 0x40, 0x00, 0x00, 0x60, 0x00, 0x00, 0x30, 0x00, 0x00,
    0x3c, 0x00, 0x00, 0x1e, 0x00, 0x00, 0x0f, 0x00, 0x00, 0x03, 0x00, 0x00, 0x01, 0x00, 0x00, 0x01,
    0x00, 0x00, 0x01, 0x00, 0x00, 0x01, 0x00, 0x00, 0x01, 0x00, 0x00, 0x01, 0x00, 0x00, 0x23, 0x00,
    0x00, 0x7e, 0x00, 0x00, 0x1c, 0x00, 0x00, 0x00, 0x00, 0x00, 0x00, 0x00, 0x00, 0x00, 0x00, 0x00,
    0x00, 0x00, 0x00, 0x00, 0x00, 0x00, 0xff, 0x80, 0x00, 0xff, 0x80, 0x00, 0x08, 0x00, 0x00, 0x08,
    0x00, 0x00, 0x08, 0x00, 0x00, 0x08, 0x00, 0x00, 0x08, 0x00, 0x00, 0x08, 0x00, 0x00, 0x08, 0x00,
    0x00, 0x08, 0x00, 0x00, 0x08, 0x00, 0x00, 0x08, 0x00, 0x00, 0x08, 0x00, 0x00, 0x08, 0x00, 0x00,
    0x08, 0x00, 0x00, 0x08, 0x00, 0x00, 0x08, 0x00, 0x00, 0x08, 0x00, 0x00, 0x08, 0x00, 0x00, 0x08,
    0x00, 0x00, 0x08, 0x00, 0x00, 0x08, 0x00, 0x00, 0x08, 0x00, 0x00, 0x00, 0x00, 0x00, 0x00, 0x00,
    0x00, 0x00, 0x00, 0x00, 0x00, 0x00, 0x00, 0x00, 0x00, 0x00, 0x20, 0x60, 0x00, 0x20, 0x60, 0x00,
    0x20, 0x60, 0x00, 0x20, 0x60, 0x00, 0x20, 0x60, 0x00, 0x20, 0x60, 0x00, 0x20, 0x60, 0x00, 0x20,
    0x60, 0x00, 0x20, 0x60, 0x00, 0x20, 0x60, 0x00, 0x20, 0x60, 0x00, 0x20, 0x60, 0x00, 0x20, 0x60,
    0x00, 0x20, 0x60, 0x00, 0x20, 0x60, 0x00, 0x20, 0x60, 0x00, 0x20, 0x60, 0x00, 0x20, 0x60, 0x00,
    0x20, 0x40, 0x00, 0x30, 0xc0, 0x00, 0x10, 0x80, 0x00, 0x1f, 0x80, 0x00, 0x0f, 0x00, 0x00, 0x00,
    0x00, 0x00, 0x00, 0x00, 0x00, 0x00, 0x00, 0x00, 0x00, 0x00, 0x00, 0x00, 0x00, 0x00, 0x40, 0x10,
    0x00, 0x40, 0x10, 0x00, 0x40, 0x10, 0x00, 0x60, 0x30, 0x00, 0x20, 0x20, 0x00, 0x20, 0x60, 0x00,
    0x20, 0x60, 0x00, 0x30, 0x60, 0x00, 0x10, 0x40, 0x00, 0x10, 0xc0, 0x00, 0x10, 0x80, 0x00, 0x18,
    0x80, 0x00, 0x08, 0x80, 0x00, 0x0d, 0x80, 0x00, 0x0d, 0x80, 0x00, 0x0d, 0x00, 0x00, 0x05, 0x00,
    0x00, 0x07, 0x00, 0x00, 0x07, 0x00, 0x00, 0x02, 0x00, 0x00, 0x02, 0x00, 0x00, 0x02, 0x00, 0x00,
    0x02, 0x00, 0x00, 0x00, 0x00, 0x00, 0x00, 0x00, 0x00, 0x00, 0x00, 0x00, 0x00, 0x00, 0x00, 0x00,
    0x00, 0x00, 0x41, 0x08, 0x20, 0x41, 0x98, 0x20, 0x60, 0x90, 0x60, 0x60, 0x90, 0x60, 0x20, 0x90,
    0x40, 0x20, 0xf0, 0x40, 0x30, 0x60, 0x40, 0x30, 0x60, 0xc0, 0x10, 0x60, 0x80, 0x10, 0x60, 0x80,
    0x18, 0x70, 0x80, 0x18, 0xf1, 0x80, 0x0c, 0x91, 0x00, 0x0c, 0x93, 0x00, 0x0c, 0x93, 0x00, 0x0d,
    0x9b, 0x00, 0x05, 0x0a, 0x00, 0x07, 0x0e, 0x00, 0x03, 0x0c, 0x00, 0x03, 0x0c, 0x00, 0x02, 0x04,
    0x00, 0x02, 0x04, 0x00, 0x02, 0x00, 0x00, 0x00, 0x00, 0x00, 0x00, 0x00, 0x00, 0x00, 0x00, 0x00,
    0x00, 0x00, 0x00, 0x00, 0x00, 0x00, 0x60, 0x30, 0x00, 0x60, 0x30, 0x00, 0x20, 0x60, 0x00, 0x30,
    0x60, 0x00, 0x30, 0xc0, 0x00, 0x10, 0xc0, 0x00, 0x18, 0x80, 0x00, 0x0d, 0x80, 0x00, 0x0d, 0x00,
    0x00, 0x0d, 0x00, 0x00, 0x07, 0x00, 0x00, 0x02, 0x00, 0x00, 0x07, 0x00, 0x00, 0x0d, 0x00, 0x00,
    0x0d, 0x00, 0x00, 0x0d, 0x80, 0x00, 0x18, 0x80, 0x00, 0x10, 0xc0, 0x00, 0x30, 0xc0, 0x00, 0x30,
    0x60, 0x00, 0x20, 0x60, 0x00, 0x60, 0x30, 0x00, 0x60, 0x30, 0x00, 0x00, 0x00, 0x00, 0x00, 0x00,
    0x00, 0x00, 0x00, 0x00, 0x00, 0x00, 0x00, 0x00, 0x00, 0x00, 0x40, 0x30, 0x00, 0x60, 0x60, 0x00,
    0x20, 0x60, 0x00, 0x20, 0x60, 0x00, 0x30, 0xc0, 0x00, 0x10, 0x80, 0x00, 0x10, 0x80, 0x00, 0x19,
    0x80, 0x00, 0x0d, 0x00, 0x00, 0x0f, 0x00, 0x00, 0x0f, 0x00, 0x00, 0x06, 0x00, 0x00, 0x02, 0x00,
    0x00, 0x02, 0x00, 0x00, 0x02, 0x00, 0x00, 0x02, 0x00, 0x00, 0x02, 0x00, 0x00, 0x02, 0x00, 0x00,
    0x02, 0x00, 0x00, 0x02, 0x00, 0x00, 0x02, 0x00, 0x00, 0x02, 0x00, 0x00, 0x02, 0x00, 0x00, 0x00,
    0x00, 0x00, 0x00, 0x00, 0x00, 0x00, 0x00, 0x00, 0x00, 0x00, 0x00, 0x00, 0x00, 0x00, 0x7f, 0xf0,
    0x00, 0x7f, 0xf0, 0x00, 0x00, 0x60, 0x00, 0x00, 0x60, 0x00, 0x00, 0x60, 0x00, 0x00, 0xc0, 0x00,
    0x00, 0x80, 0x00, 0x01, 0x80, 0x00, 0x01, 0x00, 0x00, 0x01, 0x00, 0x00, 0x03, 0x00, 0x00, 0x02,
    0x00, 0x00, 0x06, 0x00, 0x00, 0x06, 0x00, 0x00, 0x0c, 0x00, 0x00, 0x0c, 0x00, 0x00, 0x18, 0x00,
    0x00, 0x18, 0x00, 0x00, 0x10, 0x00, 0x00, 0x30, 0x00, 0x00, 0x20, 0x00, 0x00, 0x7f, 0xf0, 0x00,
    0x7f, 0xf0, 0x00, 0x00, 0x00, 0x00, 0x00, 0x00, 0x00, 0x00, 0x00, 0x00, 0x00, 0x00, 0x00, 0x00,
    0x00, 0x00, 0x00, 0x00, 0x00, 0x00, 0x00, 0x00, 0x00, 0x00, 0x00, 0x00, 0x00, 0x00, 0x00, 0x00,
    0x00, 0x00, 0x00, 0x00, 0x00, 0x00, 0x00, 0x00, 0x00, 0x00, 0x00, 0x00, 0x00, 0x00, 0x00, 0x00,
    0x00, 0x00, 0x00, 0x00, 0x00, 0x00, 0x00, 0x00, 0x00, 0x00, 0x00, 0x00, 0x00, 0x00, 0x00, 0x00,
    0x00, 0x00, 0x00, 0x00, 0x00, 0x00, 0x00, 0x00, 0x00, 0x00, 0x00, 0x00, 0x00, 0x00, 0x00, 0x00,
    0x00, 0x00, 0x00, 0x00, 0x00, 0x00, 0x00, 0x00, 0x00, 0x00, 0x00, 0x00, 0x00, 0x00, 0x00, 0x00,
};

static const bitmap_font_t s_share_tech_mono_30 = {
    .width = 20,
    .height = 28,
    .stride = 3,
    .data = s_share_tech_mono_30_data,
};

static const uint8_t s_share_tech_mono_46_data[16192] = {
    0x00, 0x00, 0x00, 0x00, 0x00, 0x00, 0x00, 0x00, 0x00, 0x00, 0x00, 0x00, 0x00, 0x00, 0x00, 0x00,
    0x00, 0x00, 0x00, 0x00, 0x00, 0x00, 0x00, 0x00, 0x00, 0x00, 0x00, 0x00, 0x00, 0x00, 0x00, 0x00,
    0x00, 0x00, 0x00, 0x00, 0x00, 0x00, 0x00, 0x00, 0x00, 0x00, 0x00, 0x00, 0x00, 0x00, 0x00, 0x00,
    0x00, 0x00, 0x00, 0x00, 0x00, 0x00, 0x00, 0x00, 0x00, 0x00, 0x00, 0x00, 0x00, 0x00, 0x00, 0x00,
    0x00, 0x00, 0x00, 0x00, 0x00, 0x00, 0x00, 0x00, 0x00, 0x00, 0x00, 0x00, 0x00, 0x00, 0x00, 0x00,
    0x00, 0x00, 0x00, 0x00, 0x00, 0x00, 0x00, 0x00, 0x00, 0x00, 0x00, 0x00, 0x00, 0x00, 0x00, 0x00,
    0x00, 0x00, 0x00, 0x00, 0x00, 0x00, 0x00, 0x00, 0x00, 0x00, 0x00, 0x00, 0x00, 0x00, 0x00, 0x00,
    0x00, 0x00, 0x00, 0x00, 0x00, 0x00, 0x00, 0x00, 0x00, 0x00, 0x00, 0x00, 0x00, 0x00, 0x00, 0x00,
    0x00, 0x00, 0x00, 0x00, 0x00, 0x00, 0x00, 0x00, 0x00, 0x00, 0x00, 0x00, 0x00, 0x00, 0x00, 0x00,
    0x00, 0x00, 0x00, 0x00, 0x00, 0x00, 0x00, 0x00, 0x00, 0x00, 0x00, 0x00, 0x00, 0x00, 0x00, 0x00,
    0x00, 0x00, 0x00, 0x00, 0x00, 0x00, 0x00, 0x00, 0x00, 0x00, 0x00, 0x00, 0x00, 0x00, 0x00, 0x00,
    0x00, 0x00, 0x00, 0x00, 0x00, 0x00, 0x00, 0x00, 0x00, 0x00, 0x00, 0x00, 0x00, 0x00, 0x00, 0x00,
    0x38, 0x00, 0x00, 0x00, 0x38, 0x00, 0x00, 0x00, 0x38, 0x00, 0x00, 0x00, 0x38, 0x00, 0x00, 0x00,
    0x38, 0x00, 0x00, 0x00, 0x38, 0x00, 0x00, 0x00, 0x38, 0x00, 0x00, 0x00, 0x38, 0x00, 0x00, 0x00,
    0x38, 0x00, 0x00, 0x00, 0x38, 0x00, 0x00, 0x00, 0x38, 0x00, 0x00, 0x00, 0x30, 0x00, 0x00, 0x00,
    0x30, 0x00, 0x00, 0x00, 0x30, 0x00, 0x00, 0x00, 0x30, 0x00, 0x00, 0x00, 0x30, 0x00, 0x00, 0x00,
    0x30, 0x00, 0x00, 0x00, 0x30, 0x00, 0x00, 0x00, 0x30, 0x00, 0x00, 0x00, 0x30, 0x00, 0x00, 0x00,
    0x30, 0x00, 0x00, 0x00, 0x30, 0x00, 0x00, 0x00, 0x30, 0x00, 0x00, 0x00, 0x30, 0x00, 0x00, 0x00,
    0x30, 0x00, 0x00, 0x00, 0x30, 0x00, 0x00, 0x00, 0x30, 0x00, 0x00, 0x00, 0x00, 0x00, 0x00, 0x00,
    0x00, 0x00, 0x00, 0x00, 0x00, 0x00, 0x00, 0x00, 0x00, 0x00, 0x00, 0x00, 0x30, 0x00, 0x00, 0x00,
    0x30, 0x00, 0x00, 0x00, 0x30, 0x00, 0x00, 0x00, 0x30, 0x00, 0x00, 0x00, 0x00, 0x00, 0x00, 0x00,
    0x00, 0x00, 0x00, 0x00, 0x00, 0x00, 0x00, 0x00, 0x00, 0x00, 0x00, 0x00, 0x00, 0x00, 0x00, 0x00,
    0x00, 0x00, 0x00, 0x00, 0x00, 0x00, 0x00, 0x00, 0x00, 0x00, 0x00, 0x00, 0x00, 0x00, 0x00, 0x00,
    0x1b, 0x00, 0x00, 0x00, 0x1b, 0x00, 0x00, 0x00, 0x1b, 0x00, 0x00, 0x00, 0x1b, 0x00, 0x00, 0x00,
    0x1b, 0x00, 0x00, 0x00, 0x1b, 0x00, 0x00, 0x00, 0x1b, 0x00, 0x00, 0x00, 0x1b, 0x00, 0x00, 0x00,
    0x1b, 0x00, 0x00, 0x00, 0x1b, 0x00, 0x00, 0x00, 0x1b, 0x00, 0x00, 0x00, 0x1b, 0x00, 0x00, 0x00,
    0x00, 0x00, 0x00, 0x00, 0x00, 0x00, 0x00, 0x00, 0x00, 0x00, 0x00, 0x00, 0x00, 0x00, 0x00, 0x00,
    0x00, 0x00, 0x00, 0x00, 0x00, 0x00, 0x00, 0x00, 0x00, 0x00, 0x00, 0x00, 0x00, 0x00, 0x00, 0x00,
    0x00, 0x00, 0x00, 0x00, 0x00, 0x00, 0x00, 0x00, 0x00, 0x00, 0x00, 0x00, 0x00, 0x00, 0x00, 0x00,
    0x00, 0x00, 0x00, 0x00, 0x00, 0x00, 0x00, 0x00, 0x00, 0x00, 0x00, 0x00, 0x00, 0x00, 0x00, 0x00,
    0x00, 0x00, 0x00, 0x00, 0x00, 0x00, 0x00, 0x00, 0x00, 0x00, 0x00, 0x00, 0x00, 0x00, 0x00, 0x00,
    0x00, 0x00, 0x00, 0x00, 0x00, 0x00, 0x00, 0x00, 0x00, 0x00, 0x00, 0x00, 0x00, 0x00, 0x00, 0x00,
    0x00, 0x00, 0x00, 0x00, 0x00, 0x00, 0x00, 0x00, 0x00, 0x00, 0x00, 0x00, 0x00, 0x00, 0x00, 0x00,
    0x00, 0x00, 0x00, 0x00, 0x00, 0x00, 0x00, 0x00, 0x00, 0x00, 0x00, 0x00, 0x00, 0x00, 0x00, 0x00,
    0x00, 0xc0, 0x60, 0x00, 0x00, 0xc0, 0x60, 0x00, 0x00, 0xc0, 0x60, 0x00, 0x00, 0xc0, 0x60, 0x00,
    0x00, 0xc0, 0xe0, 0x00, 0x00, 0xc0, 0xc0, 0x00, 0x01, 0xc0, 0xc0, 0x00, 0x01, 0x80, 0xc0, 0x00,
    0x1f, 0xff, 0xfe, 0x00, 0x1f, 0xff, 0xfe, 0x00, 0x1f, 0xff, 0xfe, 0x00, 0x01, 0x80, 0x80, 0x00,
    0x01, 0x00, 0x80, 0x00, 0x01, 0x00, 0x80, 0x00, 0x01, 0x01, 0x80, 0x00, 0x03, 0x01, 0x80, 0x00,
    0x03, 0x01, 0x80, 0x00, 0x03, 0x01, 0x80, 0x00, 0x03, 0x01, 0x80, 0x00, 0x03, 0x01, 0x00, 0x00,
    0x02, 0x01, 0x00, 0x00, 0x02, 0x01, 0x00, 0x00, 0x02, 0x01, 0x00, 0x00, 0x7f, 0xff, 0xf8, 0x00,
    0x7f, 0xff, 0xf0, 0x00, 0x7f, 0xff, 0xf0, 0x00, 0x06, 0x03, 0x00, 0x00, 0x06, 0x03, 0x00, 0x00,
    0x06, 0x02, 0x00, 0x00, 0x04, 0x02, 0x00, 0x00, 0x04, 0x02, 0x00, 0x00, 0x04, 0x02, 0x00, 0x00,
    0x04, 0x06, 0x00, 0x00, 0x04, 0x06, 0x00, 0x00, 0x0c, 0x06, 0x00, 0x00, 0x00, 0x00, 0x00, 0x00,
    0x00, 0x00, 0x00, 0x00, 0x00, 0x00, 0x00, 0x00, 0x00, 0x00, 0x00, 0x00, 0x00, 0x00, 0x00, 0x00,
    0x01, 0x80, 0x00, 0x00, 0x01, 0x80, 0x00, 0x00, 0x01, 0x80, 0x00, 0x00, 0x01, 0x80, 0x00, 0x00,
    0x01, 0xc0, 0x00, 0x00, 0x07, 0xf0, 0x00, 0x00, 0x07, 0xf8, 0x00, 0x00, 0x1f, 0xfc, 0x00, 0x00,
    0x1d, 0x98, 0x00, 0x00, 0x19, 0x80, 0x00, 0x00, 0x39, 0x80, 0x00, 0x00, 0x31, 0x80, 0x00, 0x00,
    0x31, 0x80, 0x00, 0x00, 0x31, 0x80, 0x00, 0x00, 0x31, 0x80, 0x00, 0x00, 0x39, 0x80, 0x00, 0x00,
    0x39, 0x80, 0x00, 0x00, 0x1d, 0x80, 0x00, 0x00, 0x1f, 0x80, 0x00, 0x00, 0x1f, 0x80, 0x00, 0x00,
    0x0f, 0xe0, 0x00, 0x00, 0x07, 0xf0, 0x00, 0x00, 0x01, 0xf0, 0x00, 0x00, 0x01, 0xf8, 0x00, 0x00,
    0x01, 0xb8, 0x00, 0x00, 0x01, 0x9c, 0x00, 0x00, 0x01, 0x8c, 0x00, 0x00, 0x01, 0x8c, 0x00, 0x00,
    0x01, 0x8c, 0x00, 0x00, 0x01, 0x8c, 0x00, 0x00, 0x01, 0x8c, 0x00, 0x00, 0x01, 0x9c, 0x00, 0x00,
    0x01, 0x98, 0x00, 0x00, 0x11, 0x98, 0x00, 0x00, 0x19, 0xb0, 0x00, 0x00, 0x3f, 0xf0, 0x00, 0x00,
    0x1f, 0xf0, 0x00, 0x00, 0x0f, 0xe0, 0x00, 0x00, 0x03, 0xc0, 0x00, 0x00, 0x01, 0x80, 0x00, 0x00,
    0x01, 0x80, 0x00, 0x00, 0x01, 0x80, 0x00, 0x00, 0x01, 0x80, 0x00, 0x00, 0x00, 0x00, 0x00, 0x00,
    0x00, 0x00, 0x00, 0x00, 0x00, 0x00, 0x00, 0x00, 0x00, 0x00, 0x00, 0x00, 0x00, 0x00, 0x00, 0x00,
    0x0e, 0x00, 0x00, 0x00, 0x1f, 0x00, 0x00, 0x00, 0x1f, 0x01, 0x80, 0x00, 0x39, 0x83, 0x00, 0x00,
    0x31, 0x83, 0x00, 0x00, 0x20, 0xc2, 0x00, 0x00, 0x20, 0xc6, 0x00, 0x00, 0x20, 0xce, 0x00, 0x00,
    0x20, 0xcc, 0x00, 0x00, 0x20, 0xcc, 0x00, 0x00, 0x31, 0x9c, 0x00, 0x00, 0x39, 0x98, 0x00, 0x00,
    0x1f, 0x10, 0x00, 0x00, 0x1f, 0x30, 0x00, 0x00, 0x0e, 0x30, 0x00, 0x00, 0x00, 0x20, 0x00, 0x00,
    0x00, 0x60, 0x00, 0x00, 0x00, 0xe0, 0x00, 0x00, 0x00, 0xc0, 0x00, 0x00, 0x00, 0xc0, 0x00, 0x00,
    0x01, 0xce, 0x00, 0x00, 0x01, 0x9f, 0x00, 0x00, 0x01, 0x1f, 0x00, 0x00, 0x03, 0x31, 0x80, 0x00,
    0x03, 0x31, 0x80, 0x00, 0x02, 0x20, 0x80, 0x00, 0x06, 0x20, 0x80, 0x00, 0x06, 0x20, 0x80, 0x00,
    0x0c, 0x20, 0x80, 0x00, 0x0c, 0x20, 0x80, 0x00, 0x1c, 0x31, 0x80, 0x00, 0x18, 0x31, 0x80, 0x00,
    0x18, 0x1f, 0x00, 0x00, 0x38, 0x1f, 0x00, 0x00, 0x00, 0x0e, 0x00, 0x00, 0x00, 0x00, 0x00, 0x00,
    0x00, 0x00, 0x00, 0x00, 0x00, 0x00, 0x00, 0x00, 0x00, 0x00, 0x00, 0x00, 0x00, 0x00, 0x00, 0x00,
    0x00, 0x00, 0x00, 0x00, 0x00, 0x00, 0x00, 0x00, 0x00, 0x00, 0x00, 0x00, 0x00, 0x00, 0x00, 0x00,
    0x01, 0xe0, 0x00, 0x00, 0x03, 0xf0, 0x00, 0x00, 0x03, 0xf0, 0x00, 0x00, 0x07, 0xf8, 0x00, 0x00,
    0x07, 0x38, 0x00, 0x00, 0x06, 0x1c, 0x00, 0x00, 0x06, 0x1c, 0x00, 0x00, 0x06, 0x1c, 0x00, 0x00,
    0x06, 0x1c, 0x00, 0x00, 0x06, 0x1c, 0x00, 0x00, 0x06, 0x1c, 0x00, 0x00, 0x07, 0x38, 0x00, 0x00,
    0x07, 0xf8, 0x00, 0x00, 0x03, 0xf0, 0x00, 0x00, 0x03, 0xf0, 0x00, 0x00, 0x07, 0xf0, 0x00, 0x00,
    0x07, 0xf8, 0x00, 0x00, 0x0f, 0xfc, 0x00, 0x00, 0x1e, 0x3c, 0x00, 0x00, 0x1c, 0x1c, 0x00, 0x00,
    0x18, 0x1e, 0x00, 0x00, 0x38, 0x1e, 0x00, 0x00, 0x38, 0x0e, 0x00, 0x00, 0x38, 0x0f, 0x00, 0x00,
    0x38, 0x0f, 0x00, 0x00, 0x38, 0x0f, 0x00, 0x00, 0x38, 0x0f, 0x80, 0x00, 0x38, 0x1d, 0x80, 0x00,
    0x18, 0x1d, 0x80, 0x00, 0x1c, 0x1c, 0xc0, 0x00, 0x1e, 0x38, 0xe0, 0x00, 0x0f, 0xf0, 0xe0, 0x00,
    0x07, 0xf0, 0x60, 0x00, 0x07, 0xe0, 0x70, 0x00, 0x03, 0xc0, 0x70, 0x00, 0x00, 0x00, 0x00, 0x00,
    0x00, 0x00, 0x00, 0x00, 0x00, 0x00, 0x00, 0x00, 0x00, 0x00, 0x00, 0x00, 0x00, 0x00, 0x00, 0x00,
    0x00, 0x00, 0x00, 0x00, 0x00, 0x00, 0x00, 0x00, 0x00, 0x00, 0x00, 0x00, 0x00, 0x00, 0x00, 0x00,
    0x18, 0x00, 0x00, 0x00, 0x18, 0x00, 0x00, 0x00, 0x18, 0x00, 0x00, 0x00, 0x18, 0x00, 0x00, 0x00,
    0x18, 0x00, 0x00, 0x00, 0x18, 0x00, 0x00, 0x00, 0x18, 0x00, 0x00, 0x00, 0x18, 0x00, 0x00, 0x00,
    0x18, 0x00, 0x00, 0x00, 0x18, 0x00, 0x00, 0x00, 0x18, 0x00, 0x00, 0x00, 0x18, 0x00, 0x00, 0x00,
    0x18, 0x00, 0x00, 0x00, 0x18, 0x00, 0x00, 0x00, 0x00, 0x00, 0x00, 0x00, 0x00, 0x00, 0x00, 0x00,
    0x00, 0x00, 0x00, 0x00, 0x00, 0x00, 0x00, 0x00, 0x00, 0x00, 0x00, 0x00, 0x00, 0x00, 0x00, 0x00,
    0x00, 0x00, 0x00, 0x00, 0x00, 0x00, 0x00, 0x00, 0x00, 0x00, 0x00, 0x00, 0x00, 0x00, 0x00, 0x00,
    0x00, 0x00, 0x00, 0x00, 0x00, 0x00, 0x00, 0x00, 0x00, 0x00, 0x00, 0x00, 0x00, 0x00, 0x00, 0x00,
    0x00, 0x00, 0x00, 0x00, 0x00, 0x00, 0x00, 0x00, 0x00, 0x00, 0x00, 0x00, 0x00, 0x00, 0x00, 0x00,
    0x00, 0x00, 0x00, 0x00, 0x00, 0x00, 0x00, 0x00, 0x00, 0x00, 0x00, 0x00, 0x00, 0x00, 0x00, 0x00,
    0x00, 0x00, 0x00, 0x00, 0x00, 0x00, 0x00, 0x00, 0x00, 0x00, 0x00, 0x00, 0x00, 0x00, 0x00, 0x00,
    0x00, 0x00, 0x00, 0x00, 0x00, 0x00, 0x00, 0x00, 0x00, 0x00, 0x00, 0x00, 0x00, 0x00, 0x00, 0x00,
    0x06, 0x00, 0x00, 0x00, 0x04, 0x00, 0x00, 0x00, 0x0c, 0x00, 0x00, 0x00, 0x0c, 0x00, 0x00, 0x00,
    0x0c, 0x00, 0x00, 0x00, 0x1c, 0x00, 0x00, 0x00, 0x1c, 0x00, 0x00, 0x00, 0x18, 0x00, 0x00, 0x00,
    0x18, 0x00, 0x00, 0x00, 0x18, 0x00, 0x00, 0x00, 0x18, 0x00, 0x00, 0x00, 0x18, 0x00, 0x00, 0x00,
    0x18, 0x00, 0x00, 0x00, 0x18, 0x00, 0x00, 0x00, 0x18, 0x00, 0x00, 0x00, 0x18, 0x00, 0x00, 0x00,
    0x18, 0x00, 0x00, 0x00, 0x18, 0x00, 0x00, 0x00, 0x18, 0x00, 0x00, 0x00, 0x18, 0x00, 0x00, 0x00,
    0x18, 0x00, 0x00, 0x00, 0x18, 0x00, 0x00, 0x00, 0x18, 0x00, 0x00, 0x00, 0x18, 0x00, 0x00, 0x00,
    0x18, 0x00, 0x00, 0x00, 0x18, 0x00, 0x00, 0x00, 0x18, 0x00, 0x00, 0x00, 0x18, 0x00, 0x00, 0x00,
    0x1c, 0x00, 0x00, 0x00, 0x1c, 0x00, 0x00, 0x00, 0x0c, 0x00, 0x00, 0x00, 0x0c, 0x00, 0x00, 0x00,
    0x0c, 0x00, 0x00, 0x00, 0x04, 0x00, 0x00, 0x00, 0x06, 0x00, 0x00, 0x00, 0x00, 0x00, 0x00, 0x00,
    0x00, 0x00, 0x00, 0x00, 0x00, 0x00, 0x00, 0x00, 0x00, 0x00, 0x00, 0x00, 0x00, 0x00, 0x00, 0x00,
    0x00, 0x00, 0x00, 0x00, 0x00, 0x00, 0x00, 0x00, 0x00, 0x00, 0x00, 0x00, 0x00, 0x00, 0x00, 0x00,
    0x20, 0x00, 0x00, 0x00, 0x30, 0x00, 0x00, 0x00, 0x30, 0x00, 0x00, 0x00, 0x38, 0x00, 0x00, 0x00,
    0x38, 0x00, 0x00, 0x00, 0x18, 0x00, 0x00, 0x00, 0x18, 0x00, 0x00, 0x00, 0x18, 0x00, 0x00, 0x00,
    0x18, 0x00, 0x00, 0x00, 0x18, 0x00, 0x00, 0x00, 0x1c, 0x00, 0x00, 0x00, 0x1c, 0x00, 0x00, 0x00,
    0x1c, 0x00, 0x00, 0x00, 0x1c, 0x00, 0x00, 0x00, 0x1c, 0x00, 0x00, 0x00, 0x1c, 0x00, 0x00, 0x00,
    0x1c, 0x00, 0x00, 0x00, 0x1c, 0x00, 0x00, 0x00, 0x1c, 0x00, 0x00, 0x00, 0x1c, 0x00, 0x00, 0x00,
    0x1c, 0x00, 0x00, 0x00, 0x1c, 0x00, 0x00, 0x00, 0x1c, 0x00, 0x00, 0x00, 0x1c, 0x00, 0x00, 0x00,
    0x1c, 0x00, 0x00, 0x00, 0x18, 0x00, 0x00, 0x00, 0x18, 0x00, 0x00, 0x00, 0x18, 0x00, 0x00, 0x00,
    0x18, 0x00, 0x00, 0x00, 0x18, 0x00, 0x00, 0x00, 0x38, 0x00, 0x00, 0x00, 0x38, 0x00, 0x00, 0x00,
    0x30, 0x00, 0x00, 0x00, 0x30, 0x00, 0x00, 0x00, 0x20, 0x00, 0x00, 0x00, 0x00, 0x00, 0x00, 0x00,
    0x00, 0x00, 0x00, 0x00, 0x00, 0x00, 0x00, 0x00, 0x00, 0x00, 0x00, 0x00, 0x00, 0x00, 0x00, 0x00,
    0x00, 0x00, 0x00, 0x00, 0x00, 0x00, 0x00, 0x00, 0x00, 0x00, 0x00, 0x00, 0x00, 0x00, 0x00, 0x00,
    0x02, 0x00, 0x00, 0x00, 0x02, 0x00, 0x00, 0x00, 0x12, 0x80, 0x00, 0x00, 0x1a, 0xc0, 0x00, 0x00,
    0x1b, 0x80, 0x00, 0x00, 0x1f, 0x80, 0x00, 0x00, 0x0f, 0x00, 0x00, 0x00, 0x07, 0x00, 0x00, 0x00,
    0x3f, 0xe0, 0x00, 0x00, 0x3f, 0xe0, 0x00, 0x00, 0x07, 0x00, 0x00, 0x00, 0x0f, 0x00, 0x00, 0x00,
    0x1b, 0x80, 0x00, 0x00, 0x1a, 0xc0, 0x00, 0x00, 0x12, 0xc0, 0x00, 0x00, 0x02, 0x00, 0x00, 0x00,
    0x02, 0x00, 0x00, 0x00, 0x00, 0x00, 0x00, 0x00, 0x00, 0x00, 0x00, 0x00, 0x00, 0x00, 0x00, 0x00,
    0x00, 0x00, 0x00, 0x00, 0x00, 0x00, 0x00, 0x00, 0x00, 0x00, 0x00, 0x00, 0x00, 0x00, 0x00, 0x00,
    0x00, 0x00, 0x00, 0x00, 0x00, 0x00, 0x00, 0x00, 0x00, 0x00, 0x00, 0x00, 0x00, 0x00, 0x00, 0x00,
    0x00, 0x00, 0x00, 0x00, 0x00, 0x00, 0x00, 0x00, 0x00, 0x00, 0x00, 0x00, 0x00, 0x00, 0x00, 0x00,
    0x00, 0x00, 0x00, 0x00, 0x00, 0x00, 0x00, 0x00, 0x00, 0x00, 0x00, 0x00, 0x00, 0x00, 0x00, 0x00,
    0x00, 0x00, 0x00, 0x00, 0x00, 0x00, 0x00, 0x00, 0x00, 0x00, 0x00, 0x00, 0x00, 0x00, 0x00, 0x00,
    0x00, 0x00, 0x00, 0x00, 0x00, 0x00, 0x00, 0x00, 0x00, 0x00, 0x00, 0x00, 0x00, 0x00, 0x00, 0x00,
    0x00, 0x00, 0x00, 0x00, 0x00, 0x00, 0x00, 0x00, 0x00, 0x00, 0x00, 0x00, 0x00, 0x00, 0x00, 0x00,
    0x00, 0x00, 0x00, 0x00, 0x00, 0x00, 0x00, 0x00, 0x00, 0x00, 0x00, 0x00, 0x00, 0x00, 0x00, 0x00,
    0x00, 0x00, 0x00, 0x00, 0x00, 0x00, 0x00, 0x00, 0x01, 0x00, 0x00, 0x00, 0x01, 0x00, 0x00, 0x00,
    0x01, 0x00, 0x00, 0x00, 0x01, 0x00, 0x00, 0x00, 0x01, 0x00, 0x00, 0x00, 0x01, 0x00, 0x00, 0x00,
    0x01, 0x00, 0x00, 0x00, 0x1f, 0xf0, 0x00, 0x00, 0x1f, 0xf0, 0x00, 0x00, 0x1f, 0xf0, 0x00, 0x00,
    0x01, 0x00, 0x00, 0x00, 0x01, 0x00, 0x00, 0x00, 0x01, 0x00, 0x00, 0x00, 0x01, 0x00, 0x00, 0x00,
    0x01, 0x00, 0x00, 0x00, 0x01, 0x00, 0x00, 0x00, 0x01, 0x00, 0x00, 0x00, 0x00, 0x00, 0x00, 0x00,
    0x00, 0x00, 0x00, 0x00, 0x00, 0x00, 0x00, 0x00, 0x00, 0x00, 0x00, 0x00, 0x00, 0x00, 0x00, 0x00,
    0x00, 0x00, 0x00, 0x00, 0x00, 0x00, 0x00, 0x00, 0x00, 0x00, 0x00, 0x00, 0x00, 0x00, 0x00, 0x00,
    0x00, 0x00, 0x00, 0x00, 0x00, 0x00, 0x00, 0x00, 0x00, 0x00, 0x00, 0x00, 0x00, 0x00, 0x00, 0x00,
    0x00, 0x00, 0x00, 0x00, 0x00, 0x00, 0x00, 0x00, 0x00, 0x00, 0x00, 0x00, 0x00, 0x00, 0x00, 0x00,
    0x00, 0x00, 0x00, 0x00, 0x00, 0x00, 0x00, 0x00, 0x00, 0x00, 0x00, 0x00, 0x00, 0x00, 0x00, 0x00,
    0x00, 0x00, 0x00, 0x00, 0x00, 0x00, 0x00, 0x00, 0x00, 0x00, 0x00, 0x00, 0x00, 0x00, 0x00, 0x00,
    0x00, 0x00, 0x00, 0x00, 0x00, 0x00, 0x00, 0x00, 0x00, 0x00, 0x00, 0x00, 0x00, 0x00, 0x00, 0x00,
    0x00, 0x00, 0x00, 0x00, 0x00, 0x00, 0x00, 0x00, 0x00, 0x00, 0x00, 0x00, 0x00, 0x00, 0x00, 0x00,
    0x00, 0x00, 0x00, 0x00, 0x00, 0x00, 0x00, 0x00, 0x00, 0x00, 0x00, 0x00, 0x00, 0x00, 0x00, 0x00,
    0x00, 0x00, 0x00, 0x00, 0x00, 0x00, 0x00, 0x00, 0x00, 0x00, 0x00, 0x00, 0x00, 0x00, 0x00, 0x00,
    0x00, 0x00, 0x00, 0x00, 0x00, 0x00, 0x00, 0x00, 0x00, 0x00, 0x00, 0x00, 0x00, 0x00, 0x00, 0x00,
    0x00, 0x00, 0x00, 0x00, 0x38, 0x00, 0x00, 0x00, 0x38, 0x00, 0x00, 0x00, 0x30, 0x00, 0x00, 0x00,
    0x70, 0x00, 0x00, 0x00, 0x70, 0x00, 0x00, 0x00, 0x60, 0x00, 0x00, 0x00, 0x60, 0x00, 0x00, 0x00,
    0x60, 0x00, 0x00, 0x00, 0xe0, 0x00, 0x00, 0x00, 0x00, 0x00, 0x00, 0x00, 0x00, 0x00, 0x00, 0x00,
    0x00, 0x00, 0x00, 0x00, 0x00, 0x00, 0x00, 0x00, 0x00, 0x00, 0x00, 0x00, 0x00, 0x00, 0x00, 0x00,
    0x00, 0x00, 0x00, 0x00, 0x00, 0x00, 0x00, 0x00, 0x00, 0x00, 0x00, 0x00, 0x00, 0x00, 0x00, 0x00,
    0x00, 0x00, 0x00, 0x00, 0x00, 0x00, 0x00, 0x00, 0x00, 0x00, 0x00, 0x00, 0x00, 0x00, 0x00, 0x00,
    0x00, 0x00, 0x00, 0x00, 0x00, 0x00, 0x00, 0x00, 0x00, 0x00, 0x00, 0x00, 0x00, 0x00, 0x00, 0x00,
    0x00, 0x00, 0x00, 0x00, 0x00, 0x00, 0x00, 0x00, 0x00, 0x00, 0x00, 0x00, 0x00, 0x00, 0x00, 0x00,
    0x00, 0x00, 0x00, 0x00, 0x1f, 0xf0, 0x00, 0x00, 0x1f, 0xf0, 0x00, 0x00, 0x1f, 0xf0, 0x00, 0x00,
    0x1f, 0x00, 0x00, 0x00, 0x00, 0x00, 0x00, 0x00, 0x00, 0x00, 0x00, 0x00, 0x00, 0x00, 0x00, 0x00,
    0x00, 0x00, 0x00, 0x00, 0x00, 0x00, 0x00, 0x00, 0x00, 0x00, 0x00, 0x00, 0x00, 0x00, 0x00, 0x00,
    0x00, 0x00, 0x00, 0x00, 0x00, 0x00, 0x00, 0x00, 0x00, 0x00, 0x00, 0x00, 0x00, 0x00, 0x00, 0x00,
    0x00, 0x00, 0x00, 0x00, 0x00, 0x00, 0x00, 0x00, 0x00, 0x00, 0x00, 0x00, 0x00, 0x00, 0x00, 0x00,
    0x00, 0x00, 0x00, 0x00, 0x00, 0x00, 0x00, 0x00, 0x00, 0x00, 0x00, 0x00, 0x00, 0x00, 0x00, 0x00,
    0x00, 0x00, 0x00, 0x00, 0x00, 0x00, 0x00, 0x00, 0x00, 0x00, 0x00, 0x00, 0x00, 0x00, 0x00, 0x00,
    0x00, 0x00, 0x00, 0x00, 0x00, 0x00, 0x00, 0x00, 0x00, 0x00, 0x00, 0x00, 0x00, 0x00, 0x00, 0x00,
    0x00, 0x00, 0x00, 0x00, 0x00, 0x00, 0x00, 0x00, 0x00, 0x00, 0x00, 0x00, 0x00, 0x00, 0x00, 0x00,
    0x00, 0x00, 0x00, 0x00, 0x00, 0x00, 0x00, 0x00, 0x00, 0x00, 0x00, 0x00, 0x00, 0x00, 0x00, 0x00,
    0x00, 0x00, 0x00, 0x00, 0x00, 0x00, 0x00, 0x00, 0x00, 0x00, 0x00, 0x00, 0x00, 0x00, 0x00, 0x00,
    0x00, 0x00, 0x00, 0x00, 0x00, 0x00, 0x00, 0x00, 0x00, 0x00, 0x00, 0x00, 0x00, 0x00, 0x00, 0x00,
    0x00, 0x00, 0x00, 0x00, 0x00, 0x00, 0x00, 0x00, 0x00, 0x00, 0x00, 0x00, 0x00, 0x00, 0x00, 0x00,
    0x00, 0x00, 0x00, 0x00, 0x00, 0x00, 0x00, 0x00, 0x00, 0x00, 0x00, 0x00, 0x00, 0x00, 0x00, 0x00,
    0x00, 0x00, 0x00, 0x00, 0x00, 0x00, 0x00, 0x00, 0x00, 0x00, 0x00, 0x00, 0x00, 0x00, 0x00, 0x00,
    0x40, 0x00, 0x00, 0x00, 0x40, 0x00, 0x00, 0x00, 0x40, 0x00, 0x00, 0x00, 0x00, 0x00, 0x00, 0x00,
    0x00, 0x00, 0x00, 0x00, 0x00, 0x00, 0x00, 0x00, 0x00, 0x00, 0x00, 0x00, 0x00, 0x00, 0x00, 0x00,
    0x00, 0x00, 0x00, 0x00, 0x00, 0x00, 0x00, 0x00, 0x00, 0x00, 0x00, 0x00, 0x00, 0x00, 0x00, 0x00,
    0x00, 0x30, 0x00, 0x00, 0x00, 0x30, 0x00, 0x00, 0x00, 0x30, 0x00, 0x00, 0x00, 0x20, 0x00, 0x00,
    0x00, 0x60, 0x00, 0x00, 0x00, 0x60, 0x00, 0x00, 0x00, 0xe0, 0x00, 0x00, 0x00, 0xe0, 0x00, 0x00,
    0x00, 0xc0, 0x00, 0x00, 0x00, 0xc0, 0x00, 0x00, 0x00, 0xc0, 0x00, 0x00, 0x01, 0xc0, 0x00, 0x00,
    0x01, 0xc0, 0x00, 0x00, 0x01, 0x80, 0x00, 0x00, 0x01, 0x80, 0x00, 0x00, 0x03, 0x00, 0x00, 0x00,
    0x03, 0x00, 0x00, 0x00, 0x03, 0x00, 0x00, 0x00, 0x03, 0x00, 0x00, 0x00, 0x02, 0x00, 0x00, 0x00,
    0x06, 0x00, 0x00, 0x00, 0x06, 0x00, 0x00, 0x00, 0x06, 0x00, 0x00, 0x00, 0x06, 0x00, 0x00, 0x00,
    0x04, 0x00, 0x00, 0x00, 0x0c, 0x00, 0x00, 0x00, 0x0c, 0x00, 0x00, 0x00, 0x1c, 0x00, 0x00, 0x00,
    0x18, 0x00, 0x00, 0x00, 0x18, 0x00, 0x00, 0x00, 0x18, 0x00, 0x00, 0x00, 0x38, 0x00, 0x00, 0x00,
    0x38, 0x00, 0x00, 0x00, 0x30, 0x00, 0x00, 0x00, 0x30, 0x00, 0x00, 0x00, 0x00, 0x00, 0x00, 0x00,
    0x00, 0x00, 0x00, 0x00, 0x00, 0x00, 0x00, 0x00, 0x00, 0x00, 0x00, 0x00, 0x00, 0x00, 0x00, 0x00,
    0x00, 0x00, 0x00, 0x00, 0x00, 0x00, 0x00, 0x00, 0x00, 0x00, 0x00, 0x00, 0x00, 0x00, 0x00, 0x00,
    0x01, 0xe0, 0x00, 0x00, 0x03, 0xf0, 0x00, 0x00, 0x07, 0xf8, 0x00, 0x00, 0x0e, 0x1c, 0x00, 0x00,
    0x1c, 0x1c, 0x00, 0x00, 0x1c, 0x0e, 0x00, 0x00, 0x18, 0x0e, 0x00, 0x00, 0x18, 0x06, 0x00, 0x00,
    0x38, 0x06, 0x00, 0x00, 0x30, 0x02, 0x00, 0x00, 0x30, 0x02, 0x00, 0x00, 0x30, 0x03, 0x00, 0x00,
    0x20, 0x03, 0x00, 0x00, 0x20, 0x03, 0x00, 0x00, 0x20, 0x03, 0x00, 0x00, 0x20, 0x03, 0x00, 0x00,
    0x20, 0x03, 0x00, 0x00, 0x20, 0x03, 0x00, 0x00, 0x20, 0x03, 0x00, 0x00, 0x20, 0x03, 0x00, 0x00,
    0x20, 0x03, 0x00, 0x00, 0x20, 0x03, 0x00, 0x00, 0x20, 0x03, 0x00, 0x00, 0x30, 0x03, 0x00, 0x00,
    0x30, 0x02, 0x00, 0x00, 0x30, 0x02, 0x00, 0x00, 0x38, 0x06, 0x00, 0x00, 0x18, 0x06, 0x00, 0x00,
    0x18, 0x0e, 0x00, 0x00, 0x1c, 0x0e, 0x00, 0x00, 0x1c, 0x1c, 0x00, 0x00, 0x0e, 0x1c, 0x00, 0x00,
    0x07, 0xf8, 0x00, 0x00, 0x03, 0xf0, 0x00, 0x00, 0x01, 0xe0, 0x00, 0x00, 0x00, 0x00, 0x00, 0x00,
    0x00, 0x00, 0x00, 0x00, 0x00, 0x00, 0x00, 0x00, 0x00, 0x00, 0x00, 0x00, 0x00, 0x00, 0x00, 0x00,
    0x00, 0x00, 0x00, 0x00, 0x00, 0x00, 0x00, 0x00, 0x00, 0x00, 0x00, 0x00, 0x00, 0x00, 0x00, 0x00,
    0x00, 0x00, 0x00, 0x00, 0x02, 0x00, 0x00, 0x00, 0x02, 0x00, 0x00, 0x00, 0x06, 0x00, 0x00, 0x00,
    0x06, 0x00, 0x00, 0x00, 0x1e, 0x00, 0x00, 0x00, 0x1e, 0x00, 0x00, 0x00, 0x3a, 0x00, 0x00, 0x00,
    0x3a, 0x00, 0x00, 0x00, 0x32, 0x00, 0x00, 0x00, 0x22, 0x00, 0x00, 0x00, 0x22, 0x00, 0x00, 0x00,
    0x02, 0x00, 0x00, 0x00, 0x02, 0x00, 0x00, 0x00, 0x02, 0x00, 0x00, 0x00, 0x02, 0x00, 0x00, 0x00,
    0x02, 0x00, 0x00, 0x00, 0x02, 0x00, 0x00, 0x00, 0x02, 0x00, 0x00, 0x00, 0x02, 0x00, 0x00, 0x00,
    0x02, 0x00, 0x00, 0x00, 0x02, 0x00, 0x00, 0x00, 0x02, 0x00, 0x00, 0x00, 0x02, 0x00, 0x00, 0x00,
    0x02, 0x00, 0x00, 0x00, 0x02, 0x00, 0x00, 0x00, 0x02, 0x00, 0x00, 0x00, 0x02, 0x00, 0x00, 0x00,
    0x02, 0x00, 0x00, 0x00, 0x02, 0x00, 0x00, 0x00, 0x02, 0x00, 0x00, 0x00, 0x02, 0x00, 0x00, 0x00,
    0x02, 0x00, 0x00, 0x00, 0x02, 0x00, 0x00, 0x00, 0x02, 0x00, 0x00, 0x00, 0x00, 0x00, 0x00, 0x00,
    0x00, 0x00, 0x00, 0x00, 0x00, 0x00, 0x00, 0x00, 0x00, 0x00, 0x00, 0x00, 0x00, 0x00, 0x00, 0x00,
    0x00, 0x00, 0x00, 0x00, 0x00, 0x00, 0x00, 0x00, 0x00, 0x00, 0x00, 0x00, 0x00, 0x00, 0x00, 0x00,
    0x03, 0xc0, 0x00, 0x00, 0x07, 0xe0, 0x00, 0x00, 0x0f, 0xe0, 0x00, 0x00, 0x1c, 0xf0, 0x00, 0x00,
    0x1c, 0x30, 0x00, 0x00, 0x18, 0x30, 0x00, 0x00, 0x38, 0x38, 0x00, 0x00, 0x38, 0x18, 0x00, 0x00,
    0x00, 0x18, 0x00, 0x00, 0x00, 0x18, 0x00, 0x00, 0x00, 0x18, 0x00, 0x00, 0x00, 0x18, 0x00, 0x00,
    0x00, 0x30, 0x00, 0x00, 0x00, 0x30, 0x00, 0x00, 0x00, 0x30, 0x00, 0x00, 0x00, 0x70, 0x00, 0x00,
    0x00, 0x60, 0x00, 0x00, 0x00, 0xe0, 0x00, 0x00, 0x00, 0xe0, 0x00, 0x00, 0x00, 0xc0, 0x00, 0x00,
    0x01, 0xc0, 0x00, 0x00, 0x01, 0xc0, 0x00, 0x00, 0x03, 0x80, 0x00, 0x00, 0x03, 0x00, 0x00, 0x00,
    0x07, 0x00, 0x00, 0x00, 0x07, 0x00, 0x00, 0x00, 0x06, 0x00, 0x00, 0x00, 0x0e, 0x00, 0x00, 0x00,
    0x1c, 0x00, 0x00, 0x00, 0x1c, 0x00, 0x00, 0x00, 0x18, 0x00, 0x00, 0x00, 0x38, 0x00, 0x00, 0x00,
    0x3f, 0xfc, 0x00, 0x00, 0x3f, 0xfc, 0x00, 0x00, 0x3f, 0xf8, 0x00, 0x00, 0x00, 0x00, 0x00, 0x00,
    0x00, 0x00, 0x00, 0x00, 0x00, 0x00, 0x00, 0x00, 0x00, 0x00, 0x00, 0x00, 0x00, 0x00, 0x00, 0x00,
    0x00, 0x00, 0x00, 0x00, 0x00, 0x00, 0x00, 0x00, 0x00, 0x00, 0x00, 0x00, 0x00, 0x00, 0x00, 0x00,
    0x03, 0xc0, 0x00, 0x00, 0x07, 0xe0, 0x00, 0x00, 0x07, 0xe0, 0x00, 0x00, 0x0c, 0x70, 0x00, 0x00,
    0x1c, 0x30, 0x00, 0x00, 0x18, 0x10, 0x00, 0x00, 0x18, 0x18, 0x00, 0x00, 0x18, 0x18, 0x00, 0x00,
    0x00, 0x18, 0x00, 0x00, 0x00, 0x18, 0x00, 0x00, 0x00, 0x18, 0x00, 0x00, 0x00, 0x18, 0x00, 0x00,
    0x00, 0x10, 0x00, 0x00, 0x00, 0x30, 0x00, 0x00, 0x00, 0x30, 0x00, 0x00, 0x01, 0xf0, 0x00, 0x00,
    0x01, 0xf0, 0x00, 0x00, 0x01, 0xf0, 0x00, 0x00, 0x00, 0x30, 0x00, 0x00, 0x00, 0x18, 0x00, 0x00,
    0x00, 0x18, 0x00, 0x00, 0x00, 0x1c, 0x00, 0x00, 0x00, 0x0c, 0x00, 0x00, 0x00, 0x0c, 0x00, 0x00,
    0x00, 0x0c, 0x00, 0x00, 0x00, 0x0c, 0x00, 0x00, 0x30, 0x0c, 0x00, 0x00, 0x38, 0x1c, 0x00, 0x00,
    0x38, 0x18, 0x00, 0x00, 0x38, 0x18, 0x00, 0x00, 0x1c, 0x30, 0x00, 0x00, 0x1c, 0x70, 0x00, 0x00,
    0x0f, 0xf0, 0x00, 0x00, 0x07, 0xe0, 0x00, 0x00, 0x03, 0xc0, 0x00, 0x00, 0x00, 0x00, 0x00, 0x00,
    0x00, 0x00, 0x00, 0x00, 0x00, 0x00, 0x00, 0x00, 0x00, 0x00, 0x00, 0x00, 0x00, 0x00, 0x00, 0x00,
    0x00, 0x00, 0x00, 0x00, 0x00, 0x00, 0x00, 0x00, 0x00, 0x00, 0x00, 0x00, 0x00, 0x00, 0x00, 0x00,
    0x00, 0x0c, 0x00, 0x00, 0x00, 0x1c, 0x00, 0x00, 0x00, 0x1c, 0x00, 0x00, 0x00, 0x3c, 0x00, 0x00,
    0x00, 0x3c, 0x00, 0x00, 0x00, 0x3c, 0x00, 0x00, 0x00, 0x7c, 0x00, 0x00, 0x00, 0xec, 0x00, 0x00,
    0x00, 0xec, 0x00, 0x00, 0x00, 0xec, 0x00, 0x00, 0x01, 0xcc, 0x00, 0x00, 0x01, 0xcc, 0x00, 0x00,
    0x01, 0x8c, 0x00, 0x00, 0x03, 0x8c, 0x00, 0x00, 0x03, 0x0c, 0x00, 0x00, 0x07, 0x0c, 0x00, 0x00,
    0x06, 0x0c, 0x00, 0x00, 0x06, 0x0c, 0x00, 0x00, 0x0e, 0x0c, 0x00, 0x00, 0x1c, 0x0c, 0x00, 0x00,
    0x1c, 0x0c, 0x00, 0x00, 0x18, 0x0c, 0x00, 0x00, 0x38, 0x0c, 0x00, 0x00, 0x38, 0x0c, 0x00, 0x00,
    0x70, 0x0c, 0x00, 0x00, 0x7f, 0xff, 0x80, 0x00, 0x7f, 0xff, 0x80, 0x00, 0x7f, 0xff, 0x80, 0x00,
    0x00, 0x0c, 0x00, 0x00, 0x00, 0x0c, 0x00, 0x00, 0x00, 0x0c, 0x00, 0x00, 0x00, 0x0c, 0x00, 0x00,
    0x00, 0x0c, 0x00, 0x00, 0x00, 0x0c, 0x00, 0x00, 0x00, 0x0c, 0x00, 0x00, 0x00, 0x00, 0x00, 0x00,
    0x00, 0x00, 0x00, 0x00, 0x00, 0x00, 0x00, 0x00, 0x00, 0x00, 0x00, 0x00, 0x00, 0x00, 0x00, 0x00,
    0x00, 0x00, 0x00, 0x00, 0x00, 0x00, 0x00, 0x00, 0x00, 0x00, 0x00, 0x00, 0x00, 0x00, 0x00, 0x00,
    0x07, 0xfe, 0x00, 0x00, 0x07, 0xfe, 0x00, 0x00, 0x07, 0xfe, 0x00, 0x00, 0x04, 0x00, 0x00, 0x00,
    0x04, 0x00, 0x00, 0x00, 0x0c, 0x00, 0x00, 0x00, 0x0c, 0x00, 0x00, 0x00, 0x0c, 0x00, 0x00, 0x00,
    0x0c, 0x00, 0x00, 0x00, 0x0c, 0x00, 0x00, 0x00, 0x0c, 0x00, 0x00, 0x00, 0x0c, 0x00, 0x00, 0x00,
    0x0c, 0xc0, 0x00, 0x00, 0x1f, 0xf0, 0x00, 0x00, 0x1f, 0xf8, 0x00, 0x00, 0x1f, 0xfc, 0x00, 0x00,
    0x1e, 0x1c, 0x00, 0x00, 0x18, 0x0c, 0x00, 0x00, 0x10, 0x0e, 0x00, 0x00, 0x00, 0x06, 0x00, 0x00,
    0x00, 0x06, 0x00, 0x00, 0x00, 0x02, 0x00, 0x00, 0x00, 0x02, 0x00, 0x00, 0x00, 0x02, 0x00, 0x00,
    0x00, 0x02, 0x00, 0x00, 0x00, 0x02, 0x00, 0x00, 0x18, 0x02, 0x00, 0x00, 0x18, 0x06, 0x00, 0x00,
    0x18, 0x0e, 0x00, 0x00, 0x1c, 0x0e, 0x00, 0x00, 0x0c, 0x1c, 0x00, 0x00, 0x0e, 0x3c, 0x00, 0x00,
    0x07, 0xf8, 0x00, 0x00, 0x03, 0xf0, 0x00, 0x00, 0x01, 0xe0, 0x00, 0x00, 0x00, 0x00, 0x00, 0x00,
    0x00, 0x00, 0x00, 0x00, 0x00, 0x00, 0x00, 0x00, 0x00, 0x00, 0x00, 0x00, 0x00, 0x00, 0x00, 0x00,
    0x00, 0x00, 0x00, 0x00, 0x00, 0x00, 0x00, 0x00, 0x00, 0x00, 0x00, 0x00, 0x00, 0x00, 0x00, 0x00,
    0x00, 0xc0, 0x00, 0x00, 0x00, 0xc0, 0x00, 0x00, 0x01, 0xc0, 0x00, 0x00, 0x01, 0xc0, 0x00, 0x00,
    0x01, 0x80, 0x00, 0x00, 0x03, 0x80, 0x00, 0x00, 0x03, 0x00, 0x00, 0x00, 0x03, 0x00, 0x00, 0x00,
    0x03, 0x00, 0x00, 0x00, 0x07, 0x00, 0x00, 0x00, 0x06, 0x00, 0x00, 0x00, 0x06, 0x00, 0x00, 0x00,
    0x06, 0x00, 0x00, 0x00, 0x0e, 0x00, 0x00, 0x00, 0x0f, 0x80, 0x00, 0x00, 0x1f, 0xc0, 0x00, 0x00,
    0x1f, 0xe0, 0x00, 0x00, 0x1c, 0xf0, 0x00, 0x00, 0x18, 0x30, 0x00, 0x00, 0x38, 0x30, 0x00, 0x00,
    0x30, 0x10, 0x00, 0x00, 0x30, 0x18, 0x00, 0x00, 0x20, 0x18, 0x00, 0x00, 0x20, 0x18, 0x00, 0x00,
    0x20, 0x18, 0x00, 0x00, 0x20, 0x18, 0x00, 0x00, 0x20, 0x18, 0x00, 0x00, 0x30, 0x18, 0x00, 0x00,
    0x30, 0x10, 0x00, 0x00, 0x38, 0x30, 0x00, 0x00, 0x18, 0x30, 0x00, 0x00, 0x1c, 0x70, 0x00, 0x00,
    0x0f, 0xe0, 0x00, 0x00, 0x07, 0xc0, 0x00, 0x00, 0x03, 0x80, 0x00, 0x00, 0x00, 0x00, 0x00, 0x00,
    0x00, 0x00, 0x00, 0x00, 0x00, 0x00, 0x00, 0x00, 0x00, 0x00, 0x00, 0x00, 0x00, 0x00, 0x00, 0x00,
    0x00, 0x00, 0x00, 0x00, 0x00, 0x00, 0x00, 0x00, 0x00, 0x00, 0x00, 0x00, 0x00, 0x00, 0x00, 0x00,
    0x1f, 0xfc, 0x00, 0x00, 0x1f, 0xfc, 0x00, 0x00, 0x1f, 0xfc, 0x00, 0x00, 0x00, 0x18, 0x00, 0x00,
    0x00, 0x18, 0x00, 0x00, 0x00, 0x30, 0x00, 0x00, 0x00, 0x30, 0x00, 0x00, 0x00, 0x30, 0x00, 0x00,
    0x00, 0x30, 0x00, 0x00, 0x00, 0x30, 0x00, 0x00, 0x00, 0x60, 0x00, 0x00, 0x00, 0x60, 0x00, 0x00,
    0x00, 0xe0, 0x00, 0x00, 0x00, 0xe0, 0x00, 0x00, 0x00, 0xc0, 0x00, 0x00, 0x00, 0xc0, 0x00, 0x00,
    0x00, 0xc0, 0x00, 0x00, 0x01, 0xc0, 0x00, 0x00, 0x01, 0xc0, 0x00, 0x00, 0x01, 0x80, 0x00, 0x00,
    0x01, 0x80, 0x00, 0x00, 0x01, 0x00, 0x00, 0x00, 0x03, 0x00, 0x00, 0x00, 0x03, 0x00, 0x00, 0x00,
    0x03, 0x00, 0x00, 0x00, 0x03, 0x00, 0x00, 0x00, 0x06, 0x00, 0x00, 0x00, 0x06, 0x00, 0x00, 0x00,
    0x06, 0x00, 0x00, 0x00, 0x06, 0x00, 0x00, 0x00, 0x04, 0x00, 0x00, 0x00, 0x0c, 0x00, 0x00, 0x00,
    0x0c, 0x00, 0x00, 0x00, 0x1c, 0x00, 0x00, 0x00, 0x1c, 0x00, 0x00, 0x00, 0x00, 0x00, 0x00, 0x00,
    0x00, 0x00, 0x00, 0x00, 0x00, 0x00, 0x00, 0x00, 0x00, 0x00, 0x00, 0x00, 0x00, 0x00, 0x00, 0x00,
    0x00, 0x00, 0x00, 0x00, 0x00, 0x00, 0x00, 0x00, 0x00, 0x00, 0x00, 0x00, 0x00, 0x00, 0x00, 0x00,
    0x01, 0xc0, 0x00, 0x00, 0x03, 0xe0, 0x00, 0x00, 0x03, 0xf0, 0x00, 0x00, 0x06, 0x30, 0x00, 0x00,
    0x06, 0x10, 0x00, 0x00, 0x06, 0x18, 0x00, 0x00, 0x04, 0x18, 0x00, 0x00, 0x04, 0x18, 0x00, 0x00,
    0x04, 0x18, 0x00, 0x00, 0x04, 0x18, 0x00, 0x00, 0x06, 0x18, 0x00, 0x00, 0x06, 0x10, 0x00, 0x00,
    0x06, 0x30, 0x00, 0x00, 0x03, 0xf0, 0x00, 0x00, 0x03, 0xf0, 0x00, 0x00, 0x07, 0xf8, 0x00, 0x00,
    0x06, 0x3c, 0x00, 0x00, 0x0c, 0x1c, 0x00, 0x00, 0x1c, 0x0c, 0x00, 0x00, 0x18, 0x0c, 0x00, 0x00,
    0x18, 0x0e, 0x00, 0x00, 0x18, 0x06, 0x00, 0x00, 0x18, 0x06, 0x00, 0x00, 0x18, 0x06, 0x00, 0x00,
    0x18, 0x06, 0x00, 0x00, 0x18, 0x06, 0x00, 0x00, 0x18, 0x06, 0x00, 0x00, 0x18, 0x0c, 0x00, 0x00,
    0x18, 0x0c, 0x00, 0x00, 0x1c, 0x0c, 0x00, 0x00, 0x0c, 0x1c, 0x00, 0x00, 0x06, 0x38, 0x00, 0x00,
    0x07, 0xf0, 0x00, 0x00, 0x03, 0xf0, 0x00, 0x00, 0x01, 0xe0, 0x00, 0x00, 0x00, 0x00, 0x00, 0x00,
    0x00, 0x00, 0x00, 0x00, 0x00, 0x00, 0x00, 0x00, 0x00, 0x00, 0x00, 0x00, 0x00, 0x00, 0x00, 0x00,
    0x00, 0x00, 0x00, 0x00, 0x00, 0x00, 0x00, 0x00, 0x00, 0x00, 0x00, 0x00, 0x00, 0x00, 0x00, 0x00,
    0x07, 0x80, 0x00, 0x00, 0x0f, 0xc0, 0x00, 0x00, 0x1f, 0xe0, 0x00, 0x00, 0x1c, 0xe0, 0x00, 0x00,
    0x38, 0x30, 0x00, 0x00, 0x30, 0x30, 0x00, 0x00, 0x20, 0x10, 0x00, 0x00, 0x60, 0x18, 0x00, 0x00,
    0x60, 0x18, 0x00, 0x00, 0x60, 0x18, 0x00, 0x00, 0x60, 0x18, 0x00, 0x00, 0x60, 0x18, 0x00, 0x00,
    0x60, 0x18, 0x00, 0x00, 0x60, 0x18, 0x00, 0x00, 0x20, 0x10, 0x00, 0x00, 0x30, 0x30, 0x00, 0x00,
    0x38, 0x30, 0x00, 0x00, 0x1c, 0xf0, 0x00, 0x00, 0x1f, 0xe0, 0x00, 0x00, 0x0f, 0xe0, 0x00, 0x00,
    0x07, 0xe0, 0x00, 0x00, 0x00, 0xc0, 0x00, 0x00, 0x00, 0xc0, 0x00, 0x00, 0x01, 0xc0, 0x00, 0x00,
    0x01, 0xc0, 0x00, 0x00, 0x01, 0x80, 0x00, 0x00, 0x03, 0x80, 0x00, 0x00, 0x03, 0x00, 0x00, 0x00,
    0x03, 0x00, 0x00, 0x00, 0x03, 0x00, 0x00, 0x00, 0x07, 0x00, 0x00, 0x00, 0x06, 0x00, 0x00, 0x00,
    0x06, 0x00, 0x00, 0x00, 0x06, 0x00, 0x00, 0x00, 0x0c, 0x00, 0x00, 0x00, 0x00, 0x00, 0x00, 0x00,
    0x00, 0x00, 0x00, 0x00, 0x00, 0x00, 0x00, 0x00, 0x00, 0x00, 0x00, 0x00, 0x00, 0x00, 0x00, 0x00,
    0x00, 0x00, 0x00, 0x00, 0x00, 0x00, 0x00, 0x00, 0x00, 0x00, 0x00, 0x00, 0x00, 0x00, 0x00, 0x00,
    0x00, 0x00, 0x00, 0x00, 0x00, 0x00, 0x00, 0x00, 0x00, 0x00, 0x00, 0x00, 0x00, 0x00, 0x00, 0x00,
    0x00, 0x00, 0x00, 0x00, 0x00, 0x00, 0x00, 0x00, 0x00, 0x00, 0x00, 0x00, 0x00, 0x00, 0x00, 0x00,
    0x00, 0x00, 0x00, 0x00, 0x00, 0x00, 0x00, 0x00, 0x00, 0x00, 0x00, 0x00, 0x00, 0x00, 0x00, 0x00,
    0x60, 0x00, 0x00, 0x00, 0x60, 0x00, 0x00, 0x00, 0x60, 0x00, 0x00, 0x00, 0x60, 0x00, 0x00, 0x00,
    0x00, 0x00, 0x00, 0x00, 0x00, 0x00, 0x00, 0x00, 0x00, 0x00, 0x00, 0x00, 0x00, 0x00, 0x00, 0x00,
    0x00, 0x00, 0x00, 0x00, 0x00, 0x00, 0x00, 0x00, 0x00, 0x00, 0x00, 0x00, 0x00, 0x00, 0x00, 0x00,
    0x00, 0x00, 0x00, 0x00, 0x00, 0x00, 0x00, 0x00, 0x00, 0x00, 0x00, 0x00, 0x00, 0x00, 0x00, 0x00,
    0x00, 0x00, 0x00, 0x00, 0x00, 0x00, 0x00, 0x00, 0x00, 0x00, 0x00, 0x00, 0x60, 0x00, 0x00, 0x00,
    0x60, 0x00, 0x00, 0x00, 0x60, 0x00, 0x00, 0x00, 0x60, 0x00, 0x00, 0x00, 0x00, 0x00, 0x00, 0x00,
    0x00, 0x00, 0x00, 0x00, 0x00, 0x00, 0x00, 0x00, 0x00, 0x00, 0x00, 0x00, 0x00, 0x00, 0x00, 0x00,
    0x00, 0x00, 0x00, 0x00, 0x00, 0x00, 0x00, 0x00, 0x00, 0x00, 0x00, 0x00, 0x00, 0x00, 0x00, 0x00,
    0x00, 0x00, 0x00, 0x00, 0x00, 0x00, 0x00, 0x00, 0x00, 0x00, 0x00, 0x00, 0x00, 0x00, 0x00, 0x00,
    0x00, 0x00, 0x00, 0x00, 0x00, 0x00, 0x00, 0x00, 0x00, 0x00, 0x00, 0x00, 0x00, 0x00, 0x00, 0x00,
    0x00, 0x00, 0x00, 0x00, 0x00, 0x00, 0x00, 0x00, 0x00, 0x00, 0x00, 0x00, 0x00, 0x00, 0x00, 0x00,
    0x1c, 0x00, 0x00, 0x00, 0x1c, 0x00, 0x00, 0x00, 0x1c, 0x00, 0x00, 0x00, 0x1c, 0x00, 0x00, 0x00,
    0x00, 0x00, 0x00, 0x00, 0x00, 0x00, 0x00, 0x00, 0x00, 0x00, 0x00, 0x00, 0x00, 0x00, 0x00, 0x00,
    0x00, 0x00, 0x00, 0x00, 0x00, 0x00, 0x00, 0x00, 0x00, 0x00, 0x00, 0x00, 0x00, 0x00, 0x00, 0x00,
    0x00, 0x00, 0x00, 0x00, 0x00, 0x00, 0x00, 0x00, 0x00, 0x00, 0x00, 0x00, 0x00, 0x00, 0x00, 0x00,
    0x00, 0x00, 0x00, 0x00, 0x1c, 0x00, 0x00, 0x00, 0x18, 0x00, 0x00, 0x00, 0x18, 0x00, 0x00, 0x00,
    0x38, 0x00, 0x00, 0x00, 0x38, 0x00, 0x00, 0x00, 0x38, 0x00, 0x00, 0x00, 0x30, 0x00, 0x00, 0x00,
    0x70, 0x00, 0x00, 0x00, 0x00, 0x00, 0x00, 0x00, 0x00, 0x00, 0x00, 0x00, 0x00, 0x00, 0x00, 0x00,
    0x00, 0x00, 0x00, 0x00, 0x00, 0x00, 0x00, 0x00, 0x00, 0x00, 0x00, 0x00, 0x00, 0x00, 0x00, 0x00,
    0x00, 0x00, 0x00, 0x00, 0x00, 0x00, 0x00, 0x00, 0x00, 0x00, 0x00, 0x00, 0x00, 0x00, 0x00, 0x00,
    0x00, 0x00, 0x00, 0x00, 0x00, 0x00, 0x00, 0x00, 0x00, 0x00, 0x00, 0x00, 0x00, 0x00, 0x00, 0x00,
    0x00, 0x00, 0x00, 0x00, 0x00, 0x00, 0x00, 0x00, 0x00, 0x20, 0x00, 0x00, 0x00, 0x20, 0x00, 0x00,
    0x00, 0x60, 0x00, 0x00, 0x00, 0xe0, 0x00, 0x00, 0x01, 0xc0, 0x00, 0x00, 0x01, 0x80, 0x00, 0x00,
    0x03, 0x00, 0x00, 0x00, 0x03, 0x00, 0x00, 0x00, 0x06, 0x00, 0x00, 0x00, 0x0c, 0x00, 0x00, 0x00,
    0x1c, 0x00, 0x00, 0x00, 0x18, 0x00, 0x00, 0x00, 0x1c, 0x00, 0x00, 0x00, 0x0c, 0x00, 0x00, 0x00,
    0x06, 0x00, 0x00, 0x00, 0x03, 0x00, 0x00, 0x00, 0x03, 0x00, 0x00, 0x00, 0x01, 0x80, 0x00, 0x00,
    0x01, 0xc0, 0x00, 0x00, 0x00, 0xe0, 0x00, 0x00, 0x00, 0x60, 0x00, 0x00, 0x00, 0x20, 0x00, 0x00,
    0x00, 0x20, 0x00, 0x00, 0x00, 0x00, 0x00, 0x00, 0x00, 0x00, 0x00, 0x00, 0x00, 0x00, 0x00, 0x00,
    0x00, 0x00, 0x00, 0x00, 0x00, 0x00, 0x00, 0x00, 0x00, 0x00, 0x00, 0x00, 0x00, 0x00, 0x00, 0x00,
    0x00, 0x00, 0x00, 0x00, 0x00, 0x00, 0x00, 0x00, 0x00, 0x00, 0x00, 0x00, 0x00, 0x00, 0x00, 0x00,
    0x00, 0x00, 0x00, 0x00, 0x00, 0x00, 0x00, 0x00, 0x00, 0x00, 0x00, 0x00, 0x00, 0x00, 0x00, 0x00,
    0x00, 0x00, 0x00, 0x00, 0x00, 0x00, 0x00, 0x00, 0x00, 0x00, 0x00, 0x00, 0x00, 0x00, 0x00, 0x00,
    0x00, 0x00, 0x00, 0x00, 0x00, 0x00, 0x00, 0x00, 0x00, 0x00, 0x00, 0x00, 0x00, 0x00, 0x00, 0x00,
    0x00, 0x00, 0x00, 0x00, 0x1f, 0xf8, 0x00, 0x00, 0x1f, 0xf8, 0x00, 0x00, 0x1f, 0xf8, 0x00, 0x00,
    0x00, 0x00, 0x00, 0x00, 0x00, 0x00, 0x00, 0x00, 0x00, 0x00, 0x00, 0x00, 0x00, 0x00, 0x00, 0x00,
    0x00, 0x00, 0x00, 0x00, 0x1f, 0xf8, 0x00, 0x00, 0x1f, 0xf8, 0x00, 0x00, 0x1f, 0xf8, 0x00, 0x00,
    0x00, 0x00, 0x00, 0x00, 0x00, 0x00, 0x00, 0x00, 0x00, 0x00, 0x00, 0x00, 0x00, 0x00, 0x00, 0x00,
    0x00, 0x00, 0x00, 0x00, 0x00, 0x00, 0x00, 0x00, 0x00, 0x00, 0x00, 0x00, 0x00, 0x00, 0x00, 0x00,
    0x00, 0x00, 0x00, 0x00, 0x00, 0x00, 0x00, 0x00, 0x00, 0x00, 0x00, 0x00, 0x00, 0x00, 0x00, 0x00,
    0x00, 0x00, 0x00, 0x00, 0x00, 0x00, 0x00, 0x00, 0x00, 0x00, 0x00, 0x00, 0x00, 0x00, 0x00, 0x00,
    0x00, 0x00, 0x00, 0x00, 0x00, 0x00, 0x00, 0x00, 0x00, 0x00, 0x00, 0x00, 0x00, 0x00, 0x00, 0x00,
    0x00, 0x00, 0x00, 0x00, 0x00, 0x00, 0x00, 0x00, 0x00, 0x00, 0x00, 0x00, 0x00, 0x00, 0x00, 0x00,
    0x00, 0x00, 0x00, 0x00, 0x00, 0x00, 0x00, 0x00, 0x00, 0x00, 0x00, 0x00, 0x00, 0x00, 0x00, 0x00,
    0x00, 0x00, 0x00, 0x00, 0x00, 0x00, 0x00, 0x00, 0x00, 0x00, 0x00, 0x00, 0x00, 0x00, 0x00, 0x00,
    0x18, 0x00, 0x00, 0x00, 0x18, 0x00, 0x00, 0x00, 0x1c, 0x00, 0x00, 0x00, 0x0e, 0x00, 0x00, 0x00,
    0x06, 0x00, 0x00, 0x00, 0x03, 0x00, 0x00, 0x00, 0x03, 0x00, 0x00, 0x00, 0x01, 0xc0, 0x00, 0x00,
    0x00, 0xc0, 0x00, 0x00, 0x00, 0xe0, 0x00, 0x00, 0x01, 0xc0, 0x00, 0x00, 0x01, 0x80, 0x00, 0x00,
    0x03, 0x00, 0x00, 0x00, 0x03, 0x00, 0x00, 0x00, 0x06, 0x00, 0x00, 0x00, 0x0c, 0x00, 0x00, 0x00,
    0x1c, 0x00, 0x00, 0x00, 0x18, 0x00, 0x00, 0x00, 0x18, 0x00, 0x00, 0x00, 0x00, 0x00, 0x00, 0x00,
    0x00, 0x00, 0x00, 0x00, 0x00, 0x00, 0x00, 0x00, 0x00, 0x00, 0x00, 0x00, 0x00, 0x00, 0x00, 0x00,
    0x00, 0x00, 0x00, 0x00, 0x00, 0x00, 0x00, 0x00, 0x00, 0x00, 0x00, 0x00, 0x00, 0x00, 0x00, 0x00,
    0x00, 0x00, 0x00, 0x00, 0x00, 0x00, 0x00, 0x00, 0x00, 0x00, 0x00, 0x00, 0x00, 0x00, 0x00, 0x00,
    0x03, 0xc0, 0x00, 0x00, 0x07, 0xe0, 0x00, 0x00, 0x0f, 0xe0, 0x00, 0x00, 0x1e, 0x70, 0x00, 0x00,
    0x1c, 0x30, 0x00, 0x00, 0x18, 0x18, 0x00, 0x00, 0x18, 0x18, 0x00, 0x00, 0x30, 0x1c, 0x00, 0x00,
    0x30, 0x0c, 0x00, 0x00, 0x30, 0x0c, 0x00, 0x00, 0x00, 0x0c, 0x00, 0x00, 0x00, 0x0c, 0x00, 0x00,
    0x00, 0x0c, 0x00, 0x00, 0x00, 0x18, 0x00, 0x00, 0x00, 0x18, 0x00, 0x00, 0x00, 0x38, 0x00, 0x00,
    0x00, 0x70, 0x00, 0x00, 0x03, 0xf0, 0x00, 0x00, 0x03, 0xe0, 0x00, 0x00, 0x03, 0xc0, 0x00, 0x00,
    0x03, 0x00, 0x00, 0x00, 0x03, 0x00, 0x00, 0x00, 0x03, 0x00, 0x00, 0x00, 0x03, 0x00, 0x00, 0x00,
    0x03, 0x00, 0x00, 0x00, 0x03, 0x00, 0x00, 0x00, 0x03, 0x00, 0x00, 0x00, 0x03, 0x00, 0x00, 0x00,
    0x00, 0x00, 0x00, 0x00, 0x00, 0x00, 0x00, 0x00, 0x00, 0x00, 0x00, 0x00, 0x00, 0x00, 0x00, 0x00,
    0x03, 0x00, 0x00, 0x00, 0x03, 0x00, 0x00, 0x00, 0x03, 0x00, 0x00, 0x00, 0x00, 0x00, 0x00, 0x00,
    0x00, 0x00, 0x00, 0x00, 0x00, 0x00, 0x00, 0x00, 0x00, 0x00, 0x00, 0x00, 0x00, 0x00, 0x00, 0x00,
    0x00, 0x00, 0x00, 0x00, 0x00, 0x00, 0x00, 0x00, 0x00, 0x00, 0x00, 0x00, 0x00, 0x00, 0x00, 0x00,
    0x00, 0x18, 0x00, 0x00, 0x00, 0x7e, 0x00, 0x00, 0x01, 0xff, 0x00, 0x00, 0x01, 0xff, 0x80, 0x00,
    0x03, 0xc3, 0xc0, 0x00, 0x07, 0x00, 0xe0, 0x00, 0x07, 0x00, 0xe0, 0x00, 0x06, 0x00, 0x70, 0x00,
    0x0e, 0x00, 0x70, 0x00, 0x0c, 0x00, 0x30, 0x00, 0x1c, 0x00, 0x10, 0x00, 0x1c, 0x1c, 0x18, 0x00,
    0x18, 0x3e, 0x18, 0x00, 0x18, 0x7e, 0x18, 0x00, 0x18, 0x62, 0x08, 0x00, 0x18, 0xe3, 0x08, 0x00,
    0x38, 0xc1, 0x08, 0x00, 0x38, 0xc1, 0x08, 0x00, 0x38, 0xc1, 0x08, 0x00, 0x18, 0xc1, 0x08, 0x00,
    0x18, 0xe2, 0x08, 0x00, 0x18, 0x62, 0x18, 0x00, 0x18, 0x7f, 0x18, 0x00, 0x18, 0x3f, 0x98, 0x00,
    0x18, 0x1f, 0x98, 0x00, 0x1c, 0x03, 0xd0, 0x00, 0x0c, 0x01, 0xf0, 0x00, 0x0c, 0x00, 0xf0, 0x00,
    0x06, 0x00, 0xf0, 0x00, 0x06, 0x00, 0x60, 0x00, 0x07, 0x00, 0x20, 0x00, 0x03, 0xc0, 0x00, 0x00,
    0x01, 0xfc, 0x00, 0x00, 0x01, 0xfe, 0x00, 0x00, 0x00, 0xfe, 0x00, 0x00, 0x00, 0x18, 0x00, 0x00,
    0x00, 0x00, 0x00, 0x00, 0x00, 0x00, 0x00, 0x00, 0x00, 0x00, 0x00, 0x00, 0x00, 0x00, 0x00, 0x00,
    0x00, 0x00, 0x00, 0x00, 0x00, 0x00, 0x00, 0x00, 0x00, 0x00, 0x00, 0x00, 0x00, 0x00, 0x00, 0x00,
    0x00, 0x20, 0x00, 0x00, 0x00, 0x20, 0x00, 0x00, 0x00, 0x20, 0x00, 0x00, 0x00, 0x20, 0x00, 0x00,
    0x00, 0x70, 0x00, 0x00, 0x00, 0x70, 0x00, 0x00, 0x00, 0xf0, 0x00, 0x00, 0x00, 0xf0, 0x00, 0x00,
    0x00, 0xd0, 0x00, 0x00, 0x00, 0xd8, 0x00, 0x00, 0x01, 0xd8, 0x00, 0x00, 0x01, 0xdc, 0x00, 0x00,
    0x01, 0x9c, 0x00, 0x00, 0x01, 0x8c, 0x00, 0x00, 0x03, 0x0c, 0x00, 0x00, 0x03, 0x0e, 0x00, 0x00,
    0x03, 0x0e, 0x00, 0x00, 0x03, 0x06, 0x00, 0x00, 0x02, 0x06, 0x00, 0x00, 0x06, 0x03, 0x00, 0x00,
    0x06, 0x03, 0x00, 0x00, 0x06, 0x03, 0x00, 0x00, 0x04, 0x03, 0x00, 0x00, 0x0c, 0x01, 0x80, 0x00,
    0x0c, 0x01, 0x80, 0x00, 0x1c, 0x01, 0x80, 0x00, 0x1c, 0x01, 0x80, 0x00, 0x18, 0x00, 0x80, 0x00,
    0x18, 0x00, 0xc0, 0x00, 0x38, 0x00, 0xc0, 0x00, 0x38, 0x00, 0xe0, 0x00, 0x30, 0x00, 0x60, 0x00,
    0x30, 0x00, 0x60, 0x00, 0x60, 0x00, 0x60, 0x00, 0x60, 0x00, 0x70, 0x00, 0x00, 0x00, 0x00, 0x00,
    0x00, 0x00, 0x00, 0x00, 0x00, 0x00, 0x00, 0x00, 0x00, 0x00, 0x00, 0x00, 0x00, 0x00, 0x00, 0x00,
    0x00, 0x00, 0x00, 0x00, 0x00, 0x00, 0x00, 0x00, 0x00, 0x00, 0x00, 0x00, 0x00, 0x00, 0x00, 0x00,
    0x1f, 0xf0, 0x00, 0x00, 0x1f, 0xfc, 0x00, 0x00, 0x1f, 0xfc, 0x00, 0x00, 0x00, 0x0c, 0x00, 0x00,
    0x00, 0x0e, 0x00, 0x00, 0x00, 0x06, 0x00, 0x00, 0x00, 0x02, 0x00, 0x00, 0x00, 0x02, 0x00, 0x00,
    0x00, 0x02, 0x00, 0x00, 0x00, 0x02, 0x00, 0x00, 0x00, 0x02, 0x00, 0x00, 0x00, 0x02, 0x00, 0x00,
    0x00, 0x06, 0x00, 0x00, 0x00, 0x06, 0x00, 0x00, 0x00, 0x0e, 0x00, 0x00, 0x00, 0x0e, 0x00, 0x00,
    0x1f, 0xfc, 0x00, 0x00, 0x1f, 0xfe, 0x00, 0x00, 0x1f, 0xff, 0x00, 0x00, 0x00, 0x03, 0x00, 0x00,
    0x00, 0x03, 0x00, 0x00, 0x00, 0x01, 0x00, 0x00, 0x00, 0x01, 0x80, 0x00, 0x00, 0x01, 0x80, 0x00,
    0x00, 0x01, 0x80, 0x00, 0x00, 0x01, 0x80, 0x00, 0x00, 0x01, 0x80, 0x00, 0x00, 0x01, 0x80, 0x00,
    0x00, 0x01, 0x80, 0x00, 0x00, 0x01, 0x00, 0x00, 0x00, 0x03, 0x00, 0x00, 0x00, 0x03, 0x00, 0x00,
    0x1f, 0xff, 0x00, 0x00, 0x1f, 0xfe, 0x00, 0x00, 0x1f, 0xfc, 0x00, 0x00, 0x00, 0x00, 0x00, 0x00,
    0x00, 0x00, 0x00, 0x00, 0x00, 0x00, 0x00, 0x00, 0x00, 0x00, 0x00, 0x00, 0x00, 0x00, 0x00, 0x00,
    0x00, 0x00, 0x00, 0x00, 0x00, 0x00, 0x00, 0x00, 0x00, 0x00, 0x00, 0x00, 0x00, 0x00, 0x00, 0x00,
    0x00, 0xf8, 0x00, 0x00, 0x01, 0xfe, 0x00, 0x00, 0x03, 0xff, 0x00, 0x00, 0x07, 0x0f, 0x00, 0x00,
    0x0e, 0x03, 0x80, 0x00, 0x1c, 0x01, 0x00, 0x00, 0x1c, 0x01, 0x00, 0x00, 0x18, 0x00, 0x00, 0x00,
    0x38, 0x00, 0x00, 0x00, 0x30, 0x00, 0x00, 0x00, 0x30, 0x00, 0x00, 0x00, 0x20, 0x00, 0x00, 0x00,
    0x20, 0x00, 0x00, 0x00, 0x60, 0x00, 0x00, 0x00, 0x60, 0x00, 0x00, 0x00, 0x60, 0x00, 0x00, 0x00,
    0x60, 0x00, 0x00, 0x00, 0x60, 0x00, 0x00, 0x00, 0x60, 0x00, 0x00, 0x00, 0x60, 0x00, 0x00, 0x00,
    0x60, 0x00, 0x00, 0x00, 0x60, 0x00, 0x00, 0x00, 0x20, 0x00, 0x00, 0x00, 0x20, 0x00, 0x00, 0x00,
    0x30, 0x00, 0x00, 0x00, 0x30, 0x00, 0x00, 0x00, 0x38, 0x00, 0x00, 0x00, 0x18, 0x00, 0x00, 0x00,
    0x1c, 0x00, 0x00, 0x00, 0x1c, 0x01, 0x00, 0x00, 0x0e, 0x03, 0x00, 0x00, 0x07, 0x07, 0x80, 0x00,
    0x03, 0xff, 0x00, 0x00, 0x01, 0xfe, 0x00, 0x00, 0x00, 0xf8, 0x00, 0x00, 0x00, 0x00, 0x00, 0x00,
    0x00, 0x00, 0x00, 0x00, 0x00, 0x00, 0x00, 0x00, 0x00, 0x00, 0x00, 0x00, 0x00, 0x00, 0x00, 0x00,
    0x00, 0x00, 0x00, 0x00, 0x00, 0x00, 0x00, 0x00, 0x00, 0x00, 0x00, 0x00, 0x00, 0x00, 0x00, 0x00,
    0x1f, 0xe0, 0x00, 0x00, 0x1f, 0xf8, 0x00, 0x00, 0x1f, 0xfc, 0x00, 0x00, 0x00, 0x1e, 0x00, 0x00,
    0x00, 0x0f, 0x00, 0x00, 0x00, 0x03, 0x00, 0x00, 0x00, 0x03, 0x00, 0x00, 0x00, 0x01, 0x80, 0x00,
    0x00, 0x01, 0x80, 0x00, 0x00, 0x00, 0x80, 0x00, 0x00, 0x00, 0xc0, 0x00, 0x00, 0x00, 0xc0, 0x00,
    0x00, 0x00, 0xc0, 0x00, 0x00, 0x00, 0xe0, 0x00, 0x00, 0x00, 0x60, 0x00, 0x00, 0x00, 0x60, 0x00,
    0x00, 0x00, 0x60, 0x00, 0x00, 0x00, 0x60, 0x00, 0x00, 0x00, 0x60, 0x00, 0x00, 0x00, 0x60, 0x00,
    0x00, 0x00, 0x60, 0x00, 0x00, 0x00, 0xe0, 0x00, 0x00, 0x00, 0xc0, 0x00, 0x00, 0x00, 0xc0, 0x00,
    0x00, 0x00, 0xc0, 0x00, 0x00, 0x00, 0x80, 0x00, 0x00, 0x01, 0x80, 0x00, 0x00, 0x01, 0x80, 0x00,
    0x00, 0x03, 0x00, 0x00, 0x00, 0x03, 0x00, 0x00, 0x00, 0x0f, 0x00, 0x00, 0x00, 0x1e, 0x00, 0x00,
    0x1f, 0xfc, 0x00, 0x00, 0x1f, 0xf8, 0x00, 0x00, 0x1f, 0xe0, 0x00, 0x00, 0x00, 0x00, 0x00, 0x00,
    0x00, 0x00, 0x00, 0x00, 0x00, 0x00, 0x00, 0x00, 0x00, 0x00, 0x00, 0x00, 0x00, 0x00, 0x00, 0x00,
    0x00, 0x00, 0x00, 0x00, 0x00, 0x00, 0x00, 0x00, 0x00, 0x00, 0x00, 0x00, 0x00, 0x00, 0x00, 0x00,
    0x1f, 0xfe, 0x00, 0x00, 0x1f, 0xfe, 0x00, 0x00, 0x1f, 0xfe, 0x00, 0x00, 0x00, 0x00, 0x00, 0x00,
    0x00, 0x00, 0x00, 0x00, 0x00, 0x00, 0x00, 0x00, 0x00, 0x00, 0x00, 0x00, 0x00, 0x00, 0x00, 0x00,
    0x00, 0x00, 0x00, 0x00, 0x00, 0x00, 0x00, 0x00, 0x00, 0x00, 0x00, 0x00, 0x00, 0x00, 0x00, 0x00,
    0x00, 0x00, 0x00, 0x00, 0x00, 0x00, 0x00, 0x00, 0x00, 0x00, 0x00, 0x00, 0x00, 0x00, 0x00, 0x00,
    0x1f, 0xfc, 0x00, 0x00, 0x1f, 0xfc, 0x00, 0x00, 0x1f, 0xfc, 0x00, 0x00, 0x00, 0x00, 0x00, 0x00,
    0x00, 0x00, 0x00, 0x00, 0x00, 0x00, 0x00, 0x00, 0x00, 0x00, 0x00, 0x00, 0x00, 0x00, 0x00, 0x00,
    0x00, 0x00, 0x00, 0x00, 0x00, 0x00, 0x00, 0x00, 0x00, 0x00, 0x00, 0x00, 0x00, 0x00, 0x00, 0x00,
    0x00, 0x00, 0x00, 0x00, 0x00, 0x00, 0x00, 0x00, 0x00, 0x00, 0x00, 0x00, 0x00, 0x00, 0x00, 0x00,
    0x1f, 0xfe, 0x00, 0x00, 0x1f, 0xfe, 0x00, 0x00, 0x1f, 0xfe, 0x00, 0x00, 0x00, 0x00, 0x00, 0x00,
    0x00, 0x00, 0x00, 0x00, 0x00, 0x00, 0x00, 0x00, 0x00, 0x00, 0x00, 0x00, 0x00, 0x00, 0x00, 0x00,
    0x00, 0x00, 0x00, 0x00, 0x00, 0x00, 0x00, 0x00, 0x00, 0x00, 0x00, 0x00, 0x00, 0x00, 0x00, 0x00,
    0x1f, 0xfe, 0x00, 0x00, 0x1f, 0xfe, 0x00, 0x00, 0x1f, 0xfe, 0x00, 0x00, 0x00, 0x00, 0x00, 0x00,
    0x00, 0x00, 0x00, 0x00, 0x00, 0x00, 0x00, 0x00, 0x00, 0x00, 0x00, 0x00, 0x00, 0x00, 0x00, 0x00,
    0x00, 0x00, 0x00, 0x00, 0x00, 0x00, 0x00, 0x00, 0x00, 0x00, 0x00, 0x00, 0x00, 0x00, 0x00, 0x00,
    0x00, 0x00, 0x00, 0x00, 0x00, 0x00, 0x00, 0x00, 0x00, 0x00, 0x00, 0x00, 0x00, 0x00, 0x00, 0x00,
    0x1f, 0xfc, 0x00, 0x00, 0x1f, 0xfc, 0x00, 0x00, 0x1f, 0xfc, 0x00, 0x00, 0x18, 0x00, 0x00, 0x00,
    0x18, 0x00, 0x00, 0x00, 0x18, 0x00, 0x00, 0x00, 0x18, 0x00, 0x00, 0x00, 0x18, 0x00, 0x00, 0x00,
    0x18, 0x00, 0x00, 0x00, 0x18, 0x00, 0x00, 0x00, 0x18, 0x00, 0x00, 0x00, 0x18, 0x00, 0x00, 0x00,
    0x18, 0x00, 0x00, 0x00, 0x18, 0x00, 0x00, 0x00, 0x18, 0x00, 0x00, 0x00, 0x18, 0x00, 0x00, 0x00,
    0x18, 0x00, 0x00, 0x00, 0x18, 0x00, 0x00, 0x00, 0x18, 0x00, 0x00, 0x00, 0x00, 0x00, 0x00, 0x00,
    0x00, 0x00, 0x00, 0x00, 0x00, 0x00, 0x00, 0x00, 0x00, 0x00, 0x00, 0x00, 0x00, 0x00, 0x00, 0x00,
    0x00, 0x00, 0x00, 0x00, 0x00, 0x00, 0x00, 0x00, 0x00, 0x00, 0x00, 0x00, 0x00, 0x00, 0x00, 0x00,
    0x00, 0x7c, 0x00, 0x00, 0x01, 0xff, 0x00, 0x00, 0x03, 0xff, 0x80, 0x00, 0x03, 0xc3, 0x80, 0x00,
    0x07, 0x01, 0xc0, 0x00, 0x06, 0x00, 0x80, 0x00, 0x0c, 0x00, 0x80, 0x00, 0x1c, 0x00, 0x00, 0x00,
    0x18, 0x00, 0x00, 0x00, 0x18, 0x00, 0x00, 0x00, 0x38, 0x00, 0x00, 0x00, 0x38, 0x00, 0x00, 0x00,
    0x30, 0x00, 0x00, 0x00, 0x30, 0x00, 0x00, 0x00, 0x30, 0x00, 0x00, 0x00, 0x30, 0x00, 0x00, 0x00,
    0x30, 0x00, 0x00, 0x00, 0x30, 0x0f, 0xe0, 0x00, 0x30, 0x0f, 0xe0, 0x00, 0x30, 0x0f, 0xe0, 0x00,
    0x00, 0x00, 0x60, 0x00, 0x00, 0x00, 0x60, 0x00, 0x00, 0x00, 0x60, 0x00, 0x00, 0x00, 0x60, 0x00,
    0x00, 0x00, 0x60, 0x00, 0x00, 0x00, 0x60, 0x00, 0x00, 0x00, 0x60, 0x00, 0x00, 0x00, 0x60, 0x00,
    0x00, 0x00, 0x60, 0x00, 0x00, 0x00, 0x60, 0x00, 0x00, 0x00, 0x60, 0x00, 0x00, 0x00, 0x60, 0x00,
    0x00, 0x00, 0x60, 0x00, 0x00, 0x00, 0x40, 0x00, 0x00, 0x00, 0x00, 0x00, 0x00, 0x00, 0x00, 0x00,
    0x00, 0x00, 0x00, 0x00, 0x00, 0x00, 0x00, 0x00, 0x00, 0x00, 0x00, 0x00, 0x00, 0x00, 0x00, 0x00,
    0x00, 0x00, 0x00, 0x00, 0x00, 0x00, 0x00, 0x00, 0x00, 0x00, 0x00, 0x00, 0x00, 0x00, 0x00, 0x00,
    0x00, 0x01, 0x00, 0x00, 0x00, 0x01, 0x00, 0x00, 0x00, 0x01, 0x00, 0x00, 0x00, 0x01, 0x00, 0x00,
    0x00, 0x01, 0x00, 0x00, 0x00, 0x01, 0x00, 0x00, 0x00, 0x01, 0x00, 0x00, 0x00, 0x01, 0x00, 0x00,
    0x00, 0x01, 0x00, 0x00, 0x00, 0x01, 0x00, 0x00, 0x00, 0x01, 0x00, 0x00, 0x00, 0x01, 0x00, 0x00,
    0x00, 0x01, 0x00, 0x00, 0x00, 0x01, 0x00, 0x00, 0x00, 0x01, 0x00, 0x00, 0x00, 0x01, 0x00, 0x00,
    0x1f, 0xff, 0x00, 0x00, 0x1f, 0xff, 0x00, 0x00, 0x1f, 0xff, 0x00, 0x00, 0x18, 0x01, 0x00, 0x00,
    0x18, 0x01, 0x00, 0x00, 0x18, 0x01, 0x00, 0x00, 0x18, 0x01, 0x00, 0x00, 0x18, 0x01, 0x00, 0x00,
    0x18, 0x01, 0x00, 0x00, 0x18, 0x01, 0x00, 0x00, 0x18, 0x01, 0x00, 0x00, 0x18, 0x01, 0x00, 0x00,
    0x18, 0x01, 0x00, 0x00, 0x18, 0x01, 0x00, 0x00, 0x18, 0x01, 0x00, 0x00, 0x18, 0x01, 0x00, 0x00,
    0x18, 0x01, 0x00, 0x00, 0x18, 0x01, 0x00, 0x00, 0x18, 0x01, 0x00, 0x00, 0x00, 0x00, 0x00, 0x00,
    0x00, 0x00, 0x00, 0x00, 0x00, 0x00, 0x00, 0x00, 0x00, 0x00, 0x00, 0x00, 0x00, 0x00, 0x00, 0x00,
    0x00, 0x00, 0x00, 0x00, 0x00, 0x00, 0x00, 0x00, 0x00, 0x00, 0x00, 0x00, 0x00, 0x00, 0x00, 0x00,
    0x18, 0x00, 0x00, 0x00, 0x18, 0x00, 0x00, 0x00, 0x18, 0x00, 0x00, 0x00, 0x18, 0x00, 0x00, 0x00,
    0x18, 0x00, 0x00, 0x00, 0x18, 0x00, 0x00, 0x00, 0x18, 0x00, 0x00, 0x00, 0x18, 0x00, 0x00, 0x00,
    0x18, 0x00, 0x00, 0x00, 0x18, 0x00, 0x00, 0x00, 0x18, 0x00, 0x00, 0x00, 0x18, 0x00, 0x00, 0x00,
    0x18, 0x00, 0x00, 0x00, 0x18, 0x00, 0x00, 0x00, 0x18, 0x00, 0x00, 0x00, 0x18, 0x00, 0x00, 0x00,
    0x18, 0x00, 0x00, 0x00, 0x18, 0x00, 0x00, 0x00, 0x18, 0x00, 0x00, 0x00, 0x18, 0x00, 0x00, 0x00,
    0x18, 0x00, 0x00, 0x00, 0x18, 0x00, 0x00, 0x00, 0x18, 0x00, 0x00, 0x00, 0x18, 0x00, 0x00, 0x00,
    0x18, 0x00, 0x00, 0x00, 0x18, 0x00, 0x00, 0x00, 0x18, 0x00, 0x00, 0x00, 0x18, 0x00, 0x00, 0x00,
    0x18, 0x00, 0x00, 0x00, 0x18, 0x00, 0x00, 0x00, 0x18, 0x00, 0x00, 0x00, 0x18, 0x00, 0x00, 0x00,
    0x18, 0x00, 0x00, 0x00, 0x18, 0x00, 0x00, 0x00, 0x18, 0x00, 0x00, 0x00, 0x00, 0x00, 0x00, 0x00,
    0x00, 0x00, 0x00, 0x00, 0x00, 0x00, 0x00, 0x00, 0x00, 0x00, 0x00, 0x00, 0x00, 0x00, 0x00, 0x00,
    0x00, 0x00, 0x00, 0x00, 0x00, 0x00, 0x00, 0x00, 0x00, 0x00, 0x00, 0x00, 0x00, 0x00, 0x00, 0x00,
    0x02, 0x00, 0x00, 0x00, 0x02, 0x00, 0x00, 0x00, 0x02, 0x00, 0x00, 0x00, 0x02, 0x00, 0x00, 0x00,
    0x02, 0x00, 0x00, 0x00, 0x02, 0x00, 0x00, 0x00, 0x02, 0x00, 0x00, 0x00, 0x02, 0x00, 0x00, 0x00,
    0x02, 0x00, 0x00, 0x00, 0x02, 0x00, 0x00, 0x00, 0x02, 0x00, 0x00, 0x00, 0x02, 0x00, 0x00, 0x00,
    0x02, 0x00, 0x00, 0x00, 0x02, 0x00, 0x00, 0x00, 0x02, 0x00, 0x00, 0x00, 0x02, 0x00, 0x00, 0x00,
    0x02, 0x00, 0x00, 0x00, 0x02, 0x00, 0x00, 0x00, 0x02, 0x00, 0x00, 0x00, 0x02, 0x00, 0x00, 0x00,
    0x02, 0x00, 0x00, 0x00, 0x02, 0x00, 0x00, 0x00, 0x02, 0x00, 0x00, 0x00, 0x02, 0x00, 0x00, 0x00,
    0x02, 0x00, 0x00, 0x00, 0x02, 0x00, 0x00, 0x00, 0x06, 0x00, 0x00, 0x00, 0x06, 0x00, 0x00, 0x00,
    0x06, 0x00, 0x00, 0x00, 0x06, 0x00, 0x00, 0x00, 0x0c, 0x00, 0x00, 0x00, 0x1c, 0x00, 0x00, 0x00,
    0x78, 0x00, 0x00, 0x00, 0x78, 0x00, 0x00, 0x00, 0x60, 0x00, 0x00, 0x00, 0x00, 0x00, 0x00, 0x00,
    0x00, 0x00, 0x00, 0x00, 0x00, 0x00, 0x00, 0x00, 0x00, 0x00, 0x00, 0x00, 0x00, 0x00, 0x00, 0x00,
    0x00, 0x00, 0x00, 0x00, 0x00, 0x00, 0x00, 0x00, 0x00, 0x00, 0x00, 0x00, 0x00, 0x00, 0x00, 0x00,
    0x00, 0x1c, 0x00, 0x00, 0x00, 0x18, 0x00, 0x00, 0x00, 0x30, 0x00, 0x00, 0x00, 0x70, 0x00, 0x00,
    0x00, 0xe0, 0x00, 0x00, 0x00, 0xe0, 0x00, 0x00, 0x01, 0xc0, 0x00, 0x00, 0x01, 0xc0, 0x00, 0x00,
    0x03, 0x80, 0x00, 0x00, 0x03, 0x00, 0x00, 0x00, 0x07, 0x00, 0x00, 0x00, 0x06, 0x00, 0x00, 0x00,
    0x0c, 0x00, 0x00, 0x00, 0x1c, 0x00, 0x00, 0x00, 0x18, 0x00, 0x00, 0x00, 0x38, 0x00, 0x00, 0x00,
    0x30, 0x00, 0x00, 0x00, 0x70, 0x00, 0x00, 0x00, 0x38, 0x00, 0x00, 0x00, 0x18, 0x00, 0x00, 0x00,
    0x1c, 0x00, 0x00, 0x00, 0x0c, 0x00, 0x00, 0x00, 0x06, 0x00, 0x00, 0x00, 0x06, 0x00, 0x00, 0x00,
    0x03, 0x00, 0x00, 0x00, 0x03, 0x00, 0x00, 0x00, 0x01, 0x80, 0x00, 0x00, 0x01, 0xc0, 0x00, 0x00,
    0x00, 0xc0, 0x00, 0x00, 0x00, 0xe0, 0x00, 0x00, 0x00, 0x60, 0x00, 0x00, 0x00, 0x30, 0x00, 0x00,
    0x00, 0x30, 0x00, 0x00, 0x00, 0x18, 0x00, 0x00, 0x00, 0x1c, 0x00, 0x00, 0x00, 0x00, 0x00, 0x00,
    0x00, 0x00, 0x00, 0x00, 0x00, 0x00, 0x00, 0x00, 0x00, 0x00, 0x00, 0x00, 0x00, 0x00, 0x00, 0x00,
    0x00, 0x00, 0x00, 0x00, 0x00, 0x00, 0x00, 0x00, 0x00, 0x00, 0x00, 0x00, 0x00, 0x00, 0x00, 0x00,
    0x60, 0x00, 0x00, 0x00, 0x60, 0x00, 0x00, 0x00, 0x60, 0x00, 0x00, 0x00, 0x60, 0x00, 0x00, 0x00,
    0x60, 0x00, 0x00, 0x00, 0x60, 0x00, 0x00, 0x00, 0x60, 0x00, 0x00, 0x00, 0x60, 0x00, 0x00, 0x00,
    0x60, 0x00, 0x00, 0x00, 0x60, 0x00, 0x00, 0x00, 0x60, 0x00, 0x00, 0x00, 0x60, 0x00, 0x00, 0x00,
    0x60, 0x00, 0x00, 0x00, 0x60, 0x00, 0x00, 0x00, 0x60, 0x00, 0x00, 0x00, 0x60, 0x00, 0x00, 0x00,
    0x60, 0x00, 0x00, 0x00, 0x60, 0x00, 0x00, 0x00, 0x60, 0x00, 0x00, 0x00, 0x60, 0x00, 0x00, 0x00,
    0x60, 0x00, 0x00, 0x00, 0x60, 0x00, 0x00, 0x00, 0x60, 0x00, 0x00, 0x00, 0x60, 0x00, 0x00, 0x00,
    0x60, 0x00, 0x00, 0x00, 0x60, 0x00, 0x00, 0x00, 0x60, 0x00, 0x00, 0x00, 0x60, 0x00, 0x00, 0x00,
    0x60, 0x00, 0x00, 0x00, 0x60, 0x00, 0x00, 0x00, 0x60, 0x00, 0x00, 0x00, 0x60, 0x00, 0x00, 0x00,
    0x7f, 0xfc, 0x00, 0x00, 0x7f, 0xfc, 0x00, 0x00, 0x7f, 0xfc, 0x00, 0x00, 0x00, 0x00, 0x00, 0x00,
    0x00, 0x00, 0x00, 0x00, 0x00, 0x00, 0x00, 0x00, 0x00, 0x00, 0x00, 0x00, 0x00, 0x00, 0x00, 0x00,
    0x00, 0x00, 0x00, 0x00, 0x00, 0x00, 0x00, 0x00, 0x00, 0x00, 0x00, 0x00, 0x00, 0x00, 0x00, 0x00,
    0x00, 0x00, 0x00, 0x00, 0x10, 0x00, 0x02, 0x00, 0x18, 0x00, 0x06, 0x00, 0x18, 0x00, 0x06, 0x00,
    0x1c, 0x00, 0x0e, 0x00, 0x1e, 0x00, 0x1e, 0x00, 0x1e, 0x00, 0x1e, 0x00, 0x1f, 0x00, 0x7e, 0x00,
    0x1b, 0x80, 0x76, 0x00, 0x1b, 0xc0, 0xf6, 0x00, 0x19, 0xc0, 0xe6, 0x00, 0x18, 0xe1, 0xc6, 0x00,
    0x18, 0xf3, 0x86, 0x00, 0x18, 0x73, 0x86, 0x00, 0x18, 0x3f, 0x06, 0x00, 0x18, 0x1e, 0x06, 0x00,
    0x18, 0x1e, 0x06, 0x00, 0x18, 0x0c, 0x06, 0x00, 0x18, 0x08, 0x06, 0x00, 0x18, 0x00, 0x06, 0x00,
    0x18, 0x00, 0x06, 0x00, 0x18, 0x00, 0x06, 0x00, 0x18, 0x00, 0x06, 0x00, 0x18, 0x00, 0x06, 0x00,
    0x18, 0x00, 0x06, 0x00, 0x18, 0x00, 0x06, 0x00, 0x18, 0x00, 0x06, 0x00, 0x18, 0x00, 0x06, 0x00,
    0x18, 0x00, 0x06, 0x00, 0x18, 0x00, 0x06, 0x00, 0x18, 0x00, 0x06, 0x00, 0x10, 0x00, 0x02, 0x00,
    0x10, 0x00, 0x02, 0x00, 0x00, 0x00, 0x00, 0x00, 0x00, 0x00, 0x00, 0x00, 0x00, 0x00, 0x00, 0x00,
    0x00, 0x00, 0x00, 0x00, 0x00, 0x00, 0x00, 0x00, 0x00, 0x00, 0x00, 0x00, 0x00, 0x00, 0x00, 0x00,
    0x00, 0x00, 0x00, 0x00, 0x00, 0x00, 0x00, 0x00, 0x00, 0x00, 0x00, 0x00, 0x00, 0x00, 0x00, 0x00,
    0x00, 0x00, 0x20, 0x00, 0x00, 0x00, 0x20, 0x00, 0x10, 0x00, 0x60, 0x00, 0x18, 0x00, 0x60, 0x00,
    0x18, 0x00, 0x60, 0x00, 0x1c, 0x00, 0x60, 0x00, 0x1c, 0x00, 0x60, 0x00, 0x1e, 0x00, 0x60, 0x00,
    0x1e, 0x00, 0x60, 0x00, 0x1f, 0x00, 0x60, 0x00, 0x1b, 0x00, 0x60, 0x00, 0x1b, 0x80, 0x60, 0x00,
    0x19, 0xc0, 0x60, 0x00, 0x19, 0xc0, 0x60, 0x00, 0x18, 0xe0, 0x60, 0x00, 0x18, 0xe0, 0x60, 0x00,
    0x18, 0x70, 0x60, 0x00, 0x18, 0x70, 0x60, 0x00, 0x18, 0x30, 0x60, 0x00, 0x18, 0x38, 0x60, 0x00,
    0x18, 0x1c, 0x60, 0x00, 0x18, 0x1c, 0x60, 0x00, 0x18, 0x0e, 0x60, 0x00, 0x18, 0x0e, 0x60, 0x00,
    0x18, 0x07, 0x60, 0x00, 0x18, 0x03, 0x60, 0x00, 0x18, 0x03, 0xe0, 0x00, 0x18, 0x01, 0xe0, 0x00,
    0x18, 0x01, 0xe0, 0x00, 0x18, 0x00, 0xe0, 0x00, 0x18, 0x00, 0xe0, 0x00, 0x10, 0x00, 0x60, 0x00,
    0x10, 0x00, 0x60, 0x00, 0x00, 0x00, 0x20, 0x00, 0x00, 0x00, 0x20, 0x00, 0x00, 0x00, 0x00, 0x00,
    0x00, 0x00, 0x00, 0x00, 0x00, 0x00, 0x00, 0x00, 0x00, 0x00, 0x00, 0x00, 0x00, 0x00, 0x00, 0x00,
    0x00, 0x00, 0x00, 0x00, 0x00, 0x00, 0x00, 0x00, 0x00, 0x00, 0x00, 0x00, 0x00, 0x00, 0x00, 0x00,
    0x00, 0xf8, 0x00, 0x00, 0x01, 0xfe, 0x00, 0x00, 0x03, 0xff, 0x00, 0x00, 0x07, 0x87, 0x00, 0x00,
    0x06, 0x03, 0x80, 0x00, 0x0c, 0x01, 0x80, 0x00, 0x1c, 0x00, 0xc0, 0x00, 0x18, 0x00, 0xe0, 0x00,
    0x38, 0x00, 0x60, 0x00, 0x30, 0x00, 0x60, 0x00, 0x30, 0x00, 0x70, 0x00, 0x20, 0x00, 0x30, 0x00,
    0x20, 0x00, 0x30, 0x00, 0x60, 0x00, 0x30, 0x00, 0x60, 0x00, 0x10, 0x00, 0x60, 0x00, 0x10, 0x00,
    0x60, 0x00, 0x10, 0x00, 0x60, 0x00, 0x10, 0x00, 0x60, 0x00, 0x10, 0x00, 0x60, 0x00, 0x10, 0x00,
    0x60, 0x00, 0x10, 0x00, 0x60, 0x00, 0x30, 0x00, 0x20, 0x00, 0x30, 0x00, 0x20, 0x00, 0x30, 0x00,
    0x30, 0x00, 0x70, 0x00, 0x30, 0x00, 0x60, 0x00, 0x38, 0x00, 0x60, 0x00, 0x18, 0x00, 0xe0, 0x00,
    0x1c, 0x00, 0xc0, 0x00, 0x0c, 0x01, 0x80, 0x00, 0x06, 0x03, 0x80, 0x00, 0x07, 0x07, 0x00, 0x00,
    0x03, 0xff, 0x00, 0x00, 0x01, 0xfe, 0x00, 0x00, 0x00, 0xf8, 0x00, 0x00, 0x00, 0x00, 0x00, 0x00,
    0x00, 0x00, 0x00, 0x00, 0x00, 0x00, 0x00, 0x00, 0x00, 0x00, 0x00, 0x00, 0x00, 0x00, 0x00, 0x00,
    0x00, 0x00, 0x00, 0x00, 0x00, 0x00, 0x00, 0x00, 0x00, 0x00, 0x00, 0x00, 0x00, 0x00, 0x00, 0x00,
    0x1f, 0xfe, 0x00, 0x00, 0x1f, 0xff, 0x00, 0x00, 0x1f, 0xff, 0x80, 0x00, 0x00, 0x03, 0x80, 0x00,
    0x00, 0x01, 0x80, 0x00, 0x00, 0x00, 0x80, 0x00, 0x00, 0x00, 0xc0, 0x00, 0x00, 0x00, 0xc0, 0x00,
    0x00, 0x00, 0xc0, 0x00, 0x00, 0x00, 0xc0, 0x00, 0x00, 0x00, 0xc0, 0x00, 0x00, 0x00, 0xc0, 0x00,
    0x00, 0x00, 0xc0, 0x00, 0x00, 0x00, 0x80, 0x00, 0x00, 0x01, 0x80, 0x00, 0x00, 0x03, 0x80, 0x00,
    0x1f, 0xff, 0x00, 0x00, 0x1f, 0xff, 0x00, 0x00, 0x1f, 0xfe, 0x00, 0x00, 0x18, 0x00, 0x00, 0x00,
    0x18, 0x00, 0x00, 0x00, 0x18, 0x00, 0x00, 0x00, 0x18, 0x00, 0x00, 0x00, 0x18, 0x00, 0x00, 0x00,
    0x18, 0x00, 0x00, 0x00, 0x18, 0x00, 0x00, 0x00, 0x18, 0x00, 0x00, 0x00, 0x18, 0x00, 0x00, 0x00,
    0x18, 0x00, 0x00, 0x00, 0x18, 0x00, 0x00, 0x00, 0x18, 0x00, 0x00, 0x00, 0x18, 0x00, 0x00, 0x00,
    0x18, 0x00, 0x00, 0x00, 0x18, 0x00, 0x00, 0x00, 0x18, 0x00, 0x00, 0x00, 0x00, 0x00, 0x00, 0x00,
    0x00, 0x00, 0x00, 0x00, 0x00, 0x00, 0x00, 0x00, 0x00, 0x00, 0x00, 0x00, 0x00, 0x00, 0x00, 0x00,
    0x00, 0x00, 0x00, 0x00, 0x00, 0x00, 0x00, 0x00, 0x00, 0x00, 0x00, 0x00, 0x00, 0x00, 0x00, 0x00,
    0x00, 0xf8, 0x00, 0x00, 0x01, 0xfe, 0x00, 0x00, 0x03, 0xff, 0x00, 0x00, 0x07, 0x0f, 0x00, 0x00,
    0x06, 0x03, 0x80, 0x00, 0x0c, 0x01, 0x80, 0x00, 0x1c, 0x00, 0xc0, 0x00, 0x18, 0x00, 0xe0, 0x00,
    0x38, 0x00, 0x60, 0x00, 0x30, 0x00, 0x60, 0x00, 0x30, 0x00, 0x70, 0x00, 0x20, 0x00, 0x30, 0x00,
    0x20, 0x00, 0x30, 0x00, 0x60, 0x00, 0x30, 0x00, 0x60, 0x00, 0x10, 0x00, 0x60, 0x00, 0x10, 0x00,
    0x60, 0x00, 0x10, 0x00, 0x60, 0x00, 0x10, 0x00, 0x60, 0x00, 0x10, 0x00, 0x60, 0x00, 0x10, 0x00,
    0x60, 0x00, 0x10, 0x00, 0x60, 0x00, 0x30, 0x00, 0x20, 0x00, 0x30, 0x00, 0x20, 0x00, 0x30, 0x00,
    0x30, 0x00, 0x60, 0x00, 0x30, 0x00, 0x60, 0x00, 0x38, 0x00, 0x60, 0x00, 0x18, 0x00, 0xe0, 0x00,
    0x1c, 0x00, 0xc0, 0x00, 0x0c, 0x01, 0x80, 0x00, 0x06, 0x03, 0x80, 0x00, 0x07, 0x87, 0x00, 0x00,
    0x03, 0xff, 0x00, 0x00, 0x01, 0xfe, 0x00, 0x00, 0x00, 0xfc, 0x00, 0x00, 0x00, 0x1c, 0x00, 0x00,
    0x00, 0x0e, 0x00, 0x00, 0x00, 0x0f, 0x00, 0x00, 0x00, 0x07, 0x00, 0x00, 0x00, 0x03, 0x80, 0x00,
    0x00, 0x00, 0x00, 0x00, 0x00, 0x00, 0x00, 0x00, 0x00, 0x00, 0x00, 0x00, 0x00, 0x00, 0x00, 0x00,
    0x1f, 0xfe, 0x00, 0x00, 0x1f, 0xff, 0x00, 0x00, 0x1f, 0xff, 0x80, 0x00, 0x00, 0x01, 0x80, 0x00,
    0x00, 0x01, 0x80, 0x00, 0x00, 0x00, 0x80, 0x00, 0x00, 0x00, 0xc0, 0x00, 0x00, 0x00, 0xc0, 0x00,
    0x00, 0x00, 0xc0, 0x00, 0x00, 0x00, 0xc0, 0x00, 0x00, 0x00, 0xc0, 0x00, 0x00, 0x00, 0xc0, 0x00,
    0x00, 0x00, 0xc0, 0x00, 0x00, 0x00, 0x80, 0x00, 0x00, 0x01, 0x80, 0x00, 0x00, 0x03, 0x80, 0x00,
    0x1f, 0xff, 0x00, 0x00, 0x1f, 0xff, 0x00, 0x00, 0x1f, 0xfe, 0x00, 0x00, 0x00, 0x1c, 0x00, 0x00,
    0x00, 0x0c, 0x00, 0x00, 0x00, 0x0c, 0x00, 0x00, 0x00, 0x0c, 0x00, 0x00, 0x00, 0x0e, 0x00, 0x00,
    0x00, 0x06, 0x00, 0x00, 0x00, 0x06, 0x00, 0x00, 0x00, 0x02, 0x00, 0x00, 0x00, 0x03, 0x00, 0x00,
    0x00, 0x03, 0x00, 0x00, 0x00, 0x03, 0x00, 0x00, 0x00, 0x01, 0x80, 0x00, 0x00, 0x01, 0x80, 0x00,
    0x00, 0x01, 0x80, 0x00, 0x00, 0x00, 0x80, 0x00, 0x00, 0x00, 0xc0, 0x00, 0x00, 0x00, 0x00, 0x00,
    0x00, 0x00, 0x00, 0x00, 0x00, 0x00, 0x00, 0x00, 0x00, 0x00, 0x00, 0x00, 0x00, 0x00, 0x00, 0x00,
    0x00, 0x00, 0x00, 0x00, 0x00, 0x00, 0x00, 0x00, 0x00, 0x00, 0x00, 0x00, 0x00, 0x00, 0x00, 0x00,
    0x03, 0xc0, 0x00, 0x00, 0x07, 0xf0, 0x00, 0x00, 0x1f, 0xf8, 0x00, 0x00, 0x1c, 0x30, 0x00, 0x00,
    0x38, 0x10, 0x00, 0x00, 0x30, 0x00, 0x00, 0x00, 0x20, 0x00, 0x00, 0x00, 0x20, 0x00, 0x00, 0x00,
    0x20, 0x00, 0x00, 0x00, 0x20, 0x00, 0x00, 0x00, 0x20, 0x00, 0x00, 0x00, 0x30, 0x00, 0x00, 0x00,
    0x38, 0x00, 0x00, 0x00, 0x38, 0x00, 0x00, 0x00, 0x3e, 0x00, 0x00, 0x00, 0x1f, 0x00, 0x00, 0x00,
    0x1f, 0xc0, 0x00, 0x00, 0x07, 0xe0, 0x00, 0x00, 0x03, 0xf0, 0x00, 0x00, 0x00, 0xf0, 0x00, 0x00,
    0x00, 0x30, 0x00, 0x00, 0x00, 0x18, 0x00, 0x00, 0x00, 0x18, 0x00, 0x00, 0x00, 0x18, 0x00, 0x00,
    0x00, 0x18, 0x00, 0x00, 0x00, 0x18, 0x00, 0x00, 0x00, 0x18, 0x00, 0x00, 0x00, 0x18, 0x00, 0x00,
    0x00, 0x10, 0x00, 0x00, 0x00, 0x30, 0x00, 0x00, 0x00, 0x30, 0x00, 0x00, 0x38, 0xf0, 0x00, 0x00,
    0x3f, 0xe0, 0x00, 0x00, 0x1f, 0xc0, 0x00, 0x00, 0x07, 0x80, 0x00, 0x00, 0x00, 0x00, 0x00, 0x00,
    0x00, 0x00, 0x00, 0x00, 0x00, 0x00, 0x00, 0x00, 0x00, 0x00, 0x00, 0x00, 0x00, 0x00, 0x00, 0x00,
    0x00, 0x00, 0x00, 0x00, 0x00, 0x00, 0x00, 0x00, 0x00, 0x00, 0x00, 0x00, 0x00, 0x00, 0x00, 0x00,
    0x0f, 0xf0, 0x00, 0x00, 0x0f, 0xf0, 0x00, 0x00, 0x0f, 0xf0, 0x00, 0x00, 0x0c, 0x00, 0x00, 0x00,
    0x0c, 0x00, 0x00, 0x00, 0x0c, 0x00, 0x00, 0x00, 0x0c, 0x00, 0x00, 0x00, 0x0c, 0x00, 0x00, 0x00,
    0x0c, 0x00, 0x00, 0x00, 0x0c, 0x00, 0x00, 0x00, 0x0c, 0x00, 0x00, 0x00, 0x0c, 0x00, 0x00, 0x00,
    0x0c, 0x00, 0x00, 0x00, 0x0c, 0x00, 0x00, 0x00, 0x0c, 0x00, 0x00, 0x00, 0x0c, 0x00, 0x00, 0x00,
    0x0c, 0x00, 0x00, 0x00, 0x0c, 0x00, 0x00, 0x00, 0x0c, 0x00, 0x00, 0x00, 0x0c, 0x00, 0x00, 0x00,
    0x0c, 0x00, 0x00, 0x00, 0x0c, 0x00, 0x00, 0x00, 0x0c, 0x00, 0x00, 0x00, 0x0c, 0x00, 0x00, 0x00,
    0x0c, 0x00, 0x00, 0x00, 0x0c, 0x00, 0x00, 0x00, 0x0c, 0x00, 0x00, 0x00, 0x0c, 0x00, 0x00, 0x00,
    0x0c, 0x00, 0x00, 0x00, 0x0c, 0x00, 0x00, 0x00, 0x0c, 0x00, 0x00, 0x00, 0x0c, 0x00, 0x00, 0x00,
    0x0c, 0x00, 0x00, 0x00, 0x0c, 0x00, 0x00, 0x00, 0x0c, 0x00, 0x00, 0x00, 0x00, 0x00, 0x00, 0x00,
    0x00, 0x00, 0x00, 0x00, 0x00, 0x00, 0x00, 0x00, 0x00, 0x00, 0x00, 0x00, 0x00, 0x00, 0x00, 0x00,
    0x00, 0x00, 0x00, 0x00, 0x00, 0x00, 0x00, 0x00, 0x00, 0x00, 0x00, 0x00, 0x00, 0x00, 0x00, 0x00,
    0x18, 0x01, 0x80, 0x00, 0x18, 0x01, 0x80, 0x00, 0x18, 0x01, 0x80, 0x00, 0x18, 0x01, 0x80, 0x00,
    0x18, 0x01, 0x80, 0x00, 0x18, 0x01, 0x80, 0x00, 0x18, 0x01, 0x80, 0x00, 0x18, 0x01, 0x80, 0x00,
    0x18, 0x01, 0x80, 0x00, 0x18, 0x01, 0x80, 0x00, 0x18, 0x01, 0x80, 0x00, 0x18, 0x01, 0x80, 0x00,
    0x18, 0x01, 0x80, 0x00, 0x18, 0x01, 0x80, 0x00, 0x18, 0x01, 0x80, 0x00, 0x18, 0x01, 0x80, 0x00,
    0x18, 0x01, 0x80, 0x00, 0x18, 0x01, 0x80, 0x00, 0x18, 0x01, 0x80, 0x00, 0x18, 0x01, 0x80, 0x00,
    0x18, 0x01, 0x80, 0x00, 0x18, 0x01, 0x80, 0x00, 0x18, 0x01, 0x80, 0x00, 0x18, 0x01, 0x80, 0x00,
    0x18, 0x01, 0x80, 0x00, 0x18, 0x01, 0x80, 0x00, 0x18, 0x01, 0x80, 0x00, 0x18, 0x01, 0x00, 0x00,
    0x1c, 0x03, 0x00, 0x00, 0x1c, 0x03, 0x00, 0x00, 0x0e, 0x07, 0x00, 0x00, 0x07, 0x0e, 0x00, 0x00,
    0x07, 0xfe, 0x00, 0x00, 0x03, 0xfc, 0x00, 0x00, 0x01, 0xf0, 0x00, 0x00, 0x00, 0x00, 0x00, 0x00,
    0x00, 0x00, 0x00, 0x00, 0x00, 0x00, 0x00, 0x00, 0x00, 0x00, 0x00, 0x00, 0x00, 0x00, 0x00, 0x00,
    0x00, 0x00, 0x00, 0x00, 0x00, 0x00, 0x00, 0x00, 0x00, 0x00, 0x00, 0x00, 0x00, 0x00, 0x00, 0x00,
    0x60, 0x00, 0x60, 0x00, 0x60, 0x00, 0x60, 0x00, 0x60, 0x00, 0xe0, 0x00, 0x30, 0x00, 0xe0, 0x00,
    0x30, 0x00, 0xc0, 0x00, 0x38, 0x00, 0xc0, 0x00, 0x38, 0x00, 0x80, 0x00, 0x18, 0x01, 0x80, 0x00,
    0x18, 0x01, 0x80, 0x00, 0x18, 0x01, 0x80, 0x00, 0x1c, 0x01, 0x00, 0x00, 0x0c, 0x03, 0x00, 0x00,
    0x0c, 0x03, 0x00, 0x00, 0x04, 0x03, 0x00, 0x00, 0x06, 0x03, 0x00, 0x00, 0x06, 0x06, 0x00, 0x00,
    0x06, 0x06, 0x00, 0x00, 0x06, 0x0e, 0x00, 0x00, 0x03, 0x0e, 0x00, 0x00, 0x03, 0x0c, 0x00, 0x00,
    0x03, 0x0c, 0x00, 0x00, 0x03, 0x1c, 0x00, 0x00, 0x01, 0x9c, 0x00, 0x00, 0x01, 0x98, 0x00, 0x00,
    0x01, 0xd8, 0x00, 0x00, 0x01, 0xf0, 0x00, 0x00, 0x00, 0xf0, 0x00, 0x00, 0x00, 0xf0, 0x00, 0x00,
    0x00, 0xf0, 0x00, 0x00, 0x00, 0xe0, 0x00, 0x00, 0x00, 0x60, 0x00, 0x00, 0x00, 0x60, 0x00, 0x00,
    0x00, 0x20, 0x00, 0x00, 0x00, 0x00, 0x00, 0x00, 0x00, 0x00, 0x00, 0x00, 0x00, 0x00, 0x00, 0x00,
    0x00, 0x00, 0x00, 0x00, 0x00, 0x00, 0x00, 0x00, 0x00, 0x00, 0x00, 0x00, 0x00, 0x00, 0x00, 0x00,
    0x00, 0x00, 0x00, 0x00, 0x00, 0x00, 0x00, 0x00, 0x00, 0x00, 0x00, 0x00, 0x00, 0x00, 0x00, 0x00,
    0x60, 0x18, 0x00, 0x0c, 0x60, 0x1c, 0x00, 0x0c, 0x70, 0x1c, 0x00, 0x0c, 0x30, 0x1c, 0x00, 0x18,
    0x38, 0x0c, 0x00, 0x18, 0x38, 0x0e, 0x00, 0x38, 0x38, 0x0e, 0x00, 0x38, 0x18, 0x0e, 0x00, 0x30,
    0x1c, 0x06, 0x00, 0x30, 0x1c, 0x07, 0x00, 0x70, 0x1c, 0x03, 0x00, 0x70, 0x0c, 0x03, 0x00, 0x60,
    0x0e, 0x03, 0x00, 0x60, 0x06, 0x01, 0x80, 0xc0, 0x06, 0x01, 0x80, 0xc0, 0x06, 0x01, 0x80, 0xc0,
    0x06, 0x01, 0x80, 0xc0, 0x03, 0x00, 0xc0, 0x80, 0x03, 0x00, 0xc1, 0x80, 0x03, 0x00, 0xe1, 0x80,
    0x03, 0x00, 0xe1, 0x80, 0x01, 0x80, 0x61, 0x80, 0x01, 0x80, 0x63, 0x00, 0x01, 0xc0, 0x73, 0x00,
    0x01, 0xc0, 0x77, 0x00, 0x00, 0xc0, 0x37, 0x00, 0x00, 0xc0, 0x36, 0x00, 0x00, 0xe0, 0x1e, 0x00,
    0x00, 0xe0, 0x1e, 0x00, 0x00, 0x60, 0x1e, 0x00, 0x00, 0x60, 0x1c, 0x00, 0x00, 0x30, 0x0c, 0x00,
    0x00, 0x20, 0x08, 0x00, 0x00, 0x20, 0x08, 0x00, 0x00, 0x20, 0x08, 0x00, 0x00, 0x00, 0x00, 0x00,
    0x00, 0x00, 0x00, 0x00, 0x00, 0x00, 0x00, 0x00, 0x00, 0x00, 0x00, 0x00, 0x00, 0x00, 0x00, 0x00,
    0x00, 0x00, 0x00, 0x00, 0x00, 0x00, 0x00, 0x00, 0x00, 0x00, 0x00, 0x00, 0x00, 0x00, 0x00, 0x00,
    0x60, 0x00, 0xe0, 0x00, 0x30, 0x01, 0xc0, 0x00, 0x38, 0x01, 0x80, 0x00, 0x38, 0x01, 0x80, 0x00,
    0x1c, 0x03, 0x80, 0x00, 0x1c, 0x03, 0x00, 0x00, 0x1c, 0x03, 0x00, 0x00, 0x0e, 0x06, 0x00, 0x00,
    0x06, 0x0e, 0x00, 0x00, 0x06, 0x0e, 0x00, 0x00, 0x03, 0x1c, 0x00, 0x00, 0x03, 0x1c, 0x00, 0x00,
    0x03, 0x98, 0x00, 0x00, 0x01, 0xb8, 0x00, 0x00, 0x01, 0xf0, 0x00, 0x00, 0x01, 0xf0, 0x00, 0x00,
    0x00, 0xe0, 0x00, 0x00, 0x00, 0xe0, 0x00, 0x00, 0x00, 0xe0, 0x00, 0x00, 0x01, 0xf0, 0x00, 0x00,
    0x01, 0xf0, 0x00, 0x00, 0x01, 0xb8, 0x00, 0x00, 0x03, 0x98, 0x00, 0x00, 0x03, 0x1c, 0x00, 0x00,
    0x03, 0x0c, 0x00, 0x00, 0x06, 0x0e, 0x00, 0x00, 0x06, 0x0e, 0x00, 0x00, 0x0e, 0x06, 0x00, 0x00,
    0x1c, 0x03, 0x00, 0x00, 0x1c, 0x03, 0x00, 0x00, 0x18, 0x03, 0x80, 0x00, 0x38, 0x01, 0x80, 0x00,
    0x38, 0x01, 0x80, 0x00, 0x30, 0x01, 0xc0, 0x00, 0x60, 0x00, 0xe0, 0x00, 0x00, 0x00, 0x00, 0x00,
    0x00, 0x00, 0x00, 0x00, 0x00, 0x00, 0x00, 0x00, 0x00, 0x00, 0x00, 0x00, 0x00, 0x00, 0x00, 0x00,
    0x00, 0x00, 0x00, 0x00, 0x00, 0x00, 0x00, 0x00, 0x00, 0x00, 0x00, 0x00, 0x00, 0x00, 0x00, 0x00,
    0x60, 0x01, 0xc0, 0x00, 0x60, 0x01, 0x80, 0x00, 0x30, 0x01, 0x80, 0x00, 0x38, 0x03, 0x00, 0x00,
    0x38, 0x03, 0x00, 0x00, 0x18, 0x03, 0x00, 0x00, 0x1c, 0x06, 0x00, 0x00, 0x1c, 0x0e, 0x00, 0x00,
    0x0e, 0x0e, 0x00, 0x00, 0x06, 0x0c, 0x00, 0x00, 0x06, 0x1c, 0x00, 0x00, 0x07, 0x1c, 0x00, 0x00,
    0x03, 0x18, 0x00, 0x00, 0x03, 0x30, 0x00, 0x00, 0x01, 0xb0, 0x00, 0x00, 0x01, 0xf0, 0x00, 0x00,
    0x01, 0xe0, 0x00, 0x00, 0x00, 0xe0, 0x00, 0x00, 0x00, 0xe0, 0x00, 0x00, 0x00, 0xc0, 0x00, 0x00,
    0x00, 0xc0, 0x00, 0x00, 0x00, 0xc0, 0x00, 0x00, 0x00, 0xc0, 0x00, 0x00, 0x00, 0xc0, 0x00, 0x00,
    0x00, 0xc0, 0x00, 0x00, 0x00, 0xc0, 0x00, 0x00, 0x00, 0xc0, 0x00, 0x00, 0x00, 0xc0, 0x00, 0x00,
    0x00, 0xc0, 0x00, 0x00, 0x00, 0xc0, 0x00, 0x00, 0x00, 0xc0, 0x00, 0x00, 0x00, 0xc0, 0x00, 0x00,
    0x00, 0xc0, 0x00, 0x00, 0x00, 0xc0, 0x00, 0x00, 0x00, 0xc0, 0x00, 0x00, 0x00, 0x00, 0x00, 0x00,
    0x00, 0x00, 0x00, 0x00, 0x00, 0x00, 0x00, 0x00, 0x00, 0x00, 0x00, 0x00, 0x00, 0x00, 0x00, 0x00,
    0x00, 0x00, 0x00, 0x00, 0x00, 0x00, 0x00, 0x00, 0x00, 0x00, 0x00, 0x00, 0x00, 0x00, 0x00, 0x00,
    0x3f, 0xff, 0xe0, 0x00, 0x3f, 0xff, 0xe0, 0x00, 0x3f, 0xff, 0xc0, 0x00, 0x00, 0x01, 0x80, 0x00,
    0x00, 0x01, 0x80, 0x00, 0x00, 0x03, 0x80, 0x00, 0x00, 0x03, 0x00, 0x00, 0x00, 0x07, 0x00, 0x00,
    0x00, 0x0e, 0x00, 0x00, 0x00, 0x0e, 0x00, 0x00, 0x00, 0x0e, 0x00, 0x00, 0x00, 0x1c, 0x00, 0x00,
    0x00, 0x1c, 0x00, 0x00, 0x00, 0x18, 0x00, 0x00, 0x00, 0x38, 0x00, 0x00, 0x00, 0x30, 0x00, 0x00,
    0x00, 0x70, 0x00, 0x00, 0x00, 0xe0, 0x00, 0x00, 0x00, 0xe0, 0x00, 0x00, 0x00, 0xe0, 0x00, 0x00,
    0x01, 0xc0, 0x00, 0x00, 0x01, 0xc0, 0x00, 0x00, 0x01, 0x80, 0x00, 0x00, 0x03, 0x80, 0x00, 0x00,
    0x03, 0x00, 0x00, 0x00, 0x07, 0x00, 0x00, 0x00, 0x06, 0x00, 0x00, 0x00, 0x06, 0x00, 0x00, 0x00,
    0x0e, 0x00, 0x00, 0x00, 0x1c, 0x00, 0x00, 0x00, 0x1c, 0x00, 0x00, 0x00, 0x18, 0x00, 0x00, 0x00,
    0x3f, 0xff, 0xc0, 0x00, 0x3f, 0xff, 0xc0, 0x00, 0x7f, 0xff, 0xc0, 0x00, 0x00, 0x00, 0x00, 0x00,
    0x00, 0x00, 0x00, 0x00, 0x00, 0x00, 0x00, 0x00, 0x00, 0x00, 0x00, 0x00, 0x00, 0x00, 0x00, 0x00,
    0x00, 0x00, 0x00, 0x00, 0x00, 0x00, 0x00, 0x00, 0x00, 0x00, 0x00, 0x00, 0x00, 0x00, 0x00, 0x00,
    0x3e, 0x00, 0x00, 0x00, 0x3e, 0x00, 0x00, 0x00, 0x3e, 0x00, 0x00, 0x00, 0x30, 0x00, 0x00, 0x00,
    0x30, 0x00, 0x00, 0x00, 0x30, 0x00, 0x00, 0x00, 0x30, 0x00, 0x00, 0x00, 0x30, 0x00, 0x00, 0x00,
    0x30, 0x00, 0x00, 0x00, 0x30, 0x00, 0x00, 0x00, 0x30, 0x00, 0x00, 0x00, 0x30, 0x00, 0x00, 0x00,
    0x30, 0x00, 0x00, 0x00, 0x30, 0x00, 0x00, 0x00, 0x30, 0x00, 0x00, 0x00, 0x30, 0x00, 0x00, 0x00,
    0x30, 0x00, 0x00, 0x00, 0x30, 0x00, 0x00, 0x00, 0x30, 0x00, 0x00, 0x00, 0x30, 0x00, 0x00, 0x00,
    0x30, 0x00, 0x00, 0x00, 0x30, 0x00, 0x00, 0x00, 0x30, 0x00, 0x00, 0x00, 0x30, 0x00, 0x00, 0x00,
    0x30, 0x00, 0x00, 0x00, 0x30, 0x00, 0x00, 0x00, 0x30, 0x00, 0x00, 0x00, 0x30, 0x00, 0x00, 0x00,
    0x30, 0x00, 0x00, 0x00, 0x30, 0x00, 0x00, 0x00, 0x30, 0x00, 0x00, 0x00, 0x30, 0x00, 0x00, 0x00,
    0x3e, 0x00, 0x00, 0x00, 0x3e, 0x00, 0x00, 0x00, 0x3e, 0x00, 0x00, 0x00, 0x00, 0x00, 0x00, 0x00,
    0x00, 0x00, 0x00, 0x00, 0x00, 0x00, 0x00, 0x00, 0x00, 0x00, 0x00, 0x00, 0x00, 0x00, 0x00, 0x00,
    0x00, 0x00, 0x00, 0x00, 0x00, 0x00, 0x00, 0x00, 0x00, 0x00, 0x00, 0x00, 0x00, 0x00, 0x00, 0x00,
    0x30, 0x00, 0x00, 0x00, 0x30, 0x00, 0x00, 0x00, 0x38, 0x00, 0x00, 0x00, 0x38, 0x00, 0x00, 0x00,
    0x18, 0x00, 0x00, 0x00, 0x18, 0x00, 0x00, 0x00, 0x18, 0x00, 0x00, 0x00, 0x1c, 0x00, 0x00, 0x00,
    0x0c, 0x00, 0x00, 0x00, 0x0c, 0x00, 0x00, 0x00, 0x04, 0x00, 0x00, 0x00, 0x06, 0x00, 0x00, 0x00,
    0x06, 0x00, 0x00, 0x00, 0x06, 0x00, 0x00, 0x00, 0x06, 0x00, 0x00, 0x00, 0x02, 0x00, 0x00, 0x00,
    0x03, 0x00, 0x00, 0x00, 0x03, 0x00, 0x00, 0x00, 0x03, 0x00, 0x00, 0x00, 0x03, 0x00, 0x00, 0x00,
    0x01, 0x80, 0x00, 0x00, 0x01, 0x80, 0x00, 0x00, 0x01, 0xc0, 0x00, 0x00, 0x01, 0xc0, 0x00, 0x00,
    0x00, 0xc0, 0x00, 0x00, 0x00, 0xc0, 0x00, 0x00, 0x00, 0xc0, 0x00, 0x00, 0x00, 0xe0, 0x00, 0x00,
    0x00, 0xe0, 0x00, 0x00, 0x00, 0x60, 0x00, 0x00, 0x00, 0x60, 0x00, 0x00, 0x00, 0x20, 0x00, 0x00,
    0x00, 0x30, 0x00, 0x00, 0x00, 0x30, 0x00, 0x00, 0x00, 0x30, 0x00, 0x00, 0x00, 0x00, 0x00, 0x00,
    0x00, 0x00, 0x00, 0x00, 0x00, 0x00, 0x00, 0x00, 0x00, 0x00, 0x00, 0x00, 0x00, 0x00, 0x00, 0x00,
    0x00, 0x00, 0x00, 0x00, 0x00, 0x00, 0x00, 0x00, 0x00, 0x00, 0x00, 0x00, 0x00, 0x00, 0x00, 0x00,
    0x1f, 0x00, 0x00, 0x00, 0x1f, 0x00, 0x00, 0x00, 0x1f, 0x00, 0x00, 0x00, 0x03, 0x00, 0x00, 0x00,
    0x03, 0x00, 0x00, 0x00, 0x03, 0x00, 0x00, 0x00, 0x03, 0x00, 0x00, 0x00, 0x03, 0x00, 0x00, 0x00,
    0x03, 0x00, 0x00, 0x00, 0x03, 0x00, 0x00, 0x00, 0x03, 0x00, 0x00, 0x00, 0x03, 0x00, 0x00, 0x00,
    0x03, 0x00, 0x00, 0x00, 0x03, 0x00, 0x00, 0x00, 0x03, 0x00, 0x00, 0x00, 0x03, 0x00, 0x00, 0x00,
    0x03, 0x00, 0x00, 0x00, 0x03, 0x00, 0x00, 0x00, 0x03, 0x00, 0x00, 0x00, 0x03, 0x00, 0x00, 0x00,
    0x03, 0x00, 0x00, 0x00, 0x03, 0x00, 0x00, 0x00, 0x03, 0x00, 0x00, 0x00, 0x03, 0x00, 0x00, 0x00,
    0x03, 0x00, 0x00, 0x00, 0x03, 0x00, 0x00, 0x00, 0x03, 0x00, 0x00, 0x00, 0x03, 0x00, 0x00, 0x00,
    0x03, 0x00, 0x00, 0x00, 0x03, 0x00, 0x00, 0x00, 0x03, 0x00, 0x00, 0x00, 0x03, 0x00, 0x00, 0x00,
    0x1f, 0x00, 0x00, 0x00, 0x1f, 0x00, 0x00, 0x00, 0x1f, 0x00, 0x00, 0x00, 0x00, 0x00, 0x00, 0x00,
    0x00, 0x00, 0x00, 0x00, 0x00, 0x00, 0x00, 0x00, 0x00, 0x00, 0x00, 0x00, 0x00, 0x00, 0x00, 0x00,
    0x00, 0x00, 0x00, 0x00, 0x00, 0x00, 0x00, 0x00, 0x00, 0x00, 0x00, 0x00, 0x00, 0x00, 0x00, 0x00,
    0x00, 0x00, 0x00, 0x00, 0x00, 0x00, 0x00, 0x00, 0x00, 0x00, 0x00, 0x00, 0x00, 0x00, 0x00, 0x00,
    0x00, 0x00, 0x00, 0x00, 0x00, 0x00, 0x00, 0x00, 0x00, 0x00, 0x00, 0x00, 0x00, 0x00, 0x00, 0x00,
    0x00, 0x00, 0x00, 0x00, 0x00, 0x00, 0x00, 0x00, 0x00, 0x00, 0x00, 0x00, 0x00, 0x00, 0x00, 0x00,
    0x00, 0x00, 0x00, 0x00, 0x00, 0x00, 0x00, 0x00, 0x00, 0x00, 0x00, 0x00, 0x00, 0x00, 0x00, 0x00,
    0x00, 0x00, 0x00, 0x00, 0x00, 0x00, 0x00, 0x00, 0x00, 0x00, 0x00, 0x00, 0x00, 0x00, 0x00, 0x00,
    0x00, 0x00, 0x00, 0x00, 0x00, 0x00, 0x00, 0x00, 0x00, 0x00, 0x00, 0x00, 0x00, 0x00, 0x00, 0x00,
    0x00, 0x00, 0x00, 0x00, 0x00, 0x00, 0x00, 0x00, 0x00, 0x00, 0x00, 0x00, 0x00, 0x00, 0x00, 0x00,
    0x00, 0x00, 0x00, 0x00, 0x00, 0x00, 0x00, 0x00, 0x00, 0x00, 0x00, 0x00, 0x00, 0x00, 0x00, 0x00,
    0x00, 0x00, 0x00, 0x00, 0x00, 0x00, 0x00, 0x00, 0x00, 0x00, 0x00, 0x00, 0x00, 0x00, 0x00, 0x00,
    0x00, 0x00, 0x00, 0x00, 0x00, 0x00, 0x00, 0x00, 0x00, 0x00, 0x00, 0x00, 0x00, 0x00, 0x00, 0x00,
    0x00, 0x00, 0x00, 0x00, 0x00, 0x00, 0x00, 0x00, 0x00, 0x00, 0x00, 0x00, 0x00, 0x00, 0x00, 0x00,
    0x00, 0x00, 0x00, 0x00, 0x00, 0x00, 0x00, 0x00, 0x00, 0x00, 0x00, 0x00, 0x00, 0x00, 0x00, 0x00,
    0x00, 0x00, 0x00, 0x00, 0x00, 0x00, 0x00, 0x00, 0x00, 0x00, 0x00, 0x00, 0x00, 0x00, 0x00, 0x00,
    0x00, 0x00, 0x00, 0x00, 0x00, 0x00, 0x00, 0x00, 0x00, 0x00, 0x00, 0x00, 0x00, 0x00, 0x00, 0x00,
    0x00, 0x00, 0x00, 0x00, 0x00, 0x00, 0x00, 0x00, 0x00, 0x00, 0x00, 0x00, 0x00, 0x00, 0x00, 0x00,
    0x00, 0x00, 0x00, 0x00, 0x00, 0x00, 0x00, 0x00, 0x00, 0x00, 0x00, 0x00, 0x00, 0x00, 0x00, 0x00,
    0x00, 0x00, 0x00, 0x00, 0x00, 0x00, 0x00, 0x00, 0x00, 0x00, 0x00, 0x00, 0x00, 0x00, 0x00, 0x00,
    0x00, 0x00, 0x00, 0x00, 0x00, 0x00, 0x00, 0x00, 0x00, 0x00, 0x00, 0x00, 0x00, 0x00, 0x00, 0x00,
    0x00, 0x00, 0x00, 0x00, 0x00, 0x00, 0x00, 0x00, 0x00, 0x00, 0x00, 0x00, 0x00, 0x00, 0x00, 0x00,
    0x00, 0x00, 0x00, 0x00, 0x00, 0x00, 0x00, 0x00, 0x00, 0x00, 0x00, 0x00, 0x00, 0x00, 0x00, 0x00,
    0x00, 0x00, 0x00, 0x00, 0x00, 0x00, 0x00, 0x00, 0x00, 0x00, 0x00, 0x00, 0x00, 0x00, 0x00, 0x00,
    0x00, 0x00, 0x00, 0x00, 0x00, 0x00, 0x00, 0x00, 0x00, 0x00, 0x00, 0x00, 0x00, 0x00, 0x00, 0x00,
    0x00, 0x00, 0x00, 0x00, 0x00, 0x00, 0x00, 0x00, 0x00, 0x00, 0x00, 0x00, 0x00, 0x00, 0x00, 0x00,
    0x00, 0x00, 0x00, 0x00, 0x00, 0x00, 0x00, 0x00, 0x00, 0x00, 0x00, 0x00, 0x00, 0x00, 0x00, 0x00,
    0x00, 0x00, 0x00, 0x00, 0x00, 0x00, 0x00, 0x00, 0x00, 0x00, 0x00, 0x00, 0x00, 0x00, 0x00, 0x00,
    0x00, 0x00, 0x00, 0x00, 0x00, 0x00, 0x00, 0x00, 0x00, 0x00, 0x00, 0x00, 0x00, 0x00, 0x00, 0x00,
    0x00, 0x00, 0x00, 0x00, 0x00, 0x00, 0x00, 0x00, 0x00, 0x00, 0x00, 0x00, 0x00, 0x00, 0x00, 0x00,
    0x00, 0x00, 0x00, 0x00, 0x00, 0x00, 0x00, 0x00, 0x00, 0x00, 0x00, 0x00, 0x00, 0x00, 0x00, 0x00,
    0x00, 0x00, 0x00, 0x00, 0x00, 0x00, 0x00, 0x00, 0x00, 0x00, 0x00, 0x00, 0x00, 0x00, 0x00, 0x00,
    0x00, 0x00, 0x00, 0x00, 0x00, 0x00, 0x00, 0x00, 0x00, 0x00, 0x00, 0x00, 0x00, 0x00, 0x00, 0x00,
    0x00, 0x00, 0x00, 0x00, 0x00, 0x00, 0x00, 0x00, 0x00, 0x00, 0x00, 0x00, 0x00, 0x00, 0x00, 0x00,
    0x00, 0x00, 0x00, 0x00, 0x00, 0x00, 0x00, 0x00, 0x00, 0x00, 0x00, 0x00, 0x00, 0x00, 0x00, 0x00,
    0x00, 0x00, 0x00, 0x00, 0x00, 0x00, 0x00, 0x00, 0x00, 0x00, 0x00, 0x00, 0x00, 0x00, 0x00, 0x00,
    0x00, 0x20, 0x00, 0x00, 0x00, 0x20, 0x00, 0x00, 0x00, 0x20, 0x00, 0x00, 0x00, 0x20, 0x00, 0x00,
    0x00, 0x70, 0x00, 0x00, 0x00, 0x70, 0x00, 0x00, 0x00, 0xf0, 0x00, 0x00, 0x00, 0xf0, 0x00, 0x00,
    0x00, 0xf0, 0x00, 0x00, 0x00, 0xd8, 0x00, 0x00, 0x01, 0xd8, 0x00, 0x00, 0x01, 0xdc, 0x00, 0x00,
    0x01, 0xdc, 0x00, 0x00, 0x01, 0x9c, 0x00, 0x00, 0x03, 0x8c, 0x00, 0x00, 0x03, 0x0e, 0x00, 0x00,
    0x03, 0x0e, 0x00, 0x00, 0x03, 0x0e, 0x00, 0x00, 0x03, 0x06, 0x00, 0x00, 0x06, 0x07, 0x00, 0x00,
    0x06, 0x03, 0x00, 0x00, 0x06, 0x03, 0x00, 0x00, 0x06, 0x03, 0x00, 0x00, 0x0c, 0x03, 0x80, 0x00,
    0x0f, 0xff, 0x80, 0x00, 0x1f, 0xff, 0x80, 0x00, 0x1f, 0xff, 0x80, 0x00, 0x18, 0x01, 0x80, 0x00,
    0x18, 0x00, 0xc0, 0x00, 0x38, 0x00, 0xc0, 0x00, 0x38, 0x00, 0xe0, 0x00, 0x30, 0x00, 0xe0, 0x00,
    0x30, 0x00, 0x60, 0x00, 0x60, 0x00, 0x60, 0x00, 0x60, 0x00, 0x70, 0x00, 0x00, 0x00, 0x00, 0x00,
    0x00, 0x00, 0x00, 0x00, 0x00, 0x00, 0x00, 0x00, 0x00, 0x00, 0x00, 0x00, 0x00, 0x00, 0x00, 0x00,
    0x00, 0x00, 0x00, 0x00, 0x00, 0x00, 0x00, 0x00, 0x00, 0x00, 0x00, 0x00, 0x00, 0x00, 0x00, 0x00,
    0x1f, 0xf0, 0x00, 0x00, 0x1f, 0xf8, 0x00, 0x00, 0x1f, 0xfc, 0x00, 0x00, 0x18, 0x0c, 0x00, 0x00,
    0x18, 0x0e, 0x00, 0x00, 0x18, 0x06, 0x00, 0x00, 0x18, 0x02, 0x00, 0x00, 0x18, 0x02, 0x00, 0x00,
    0x18, 0x02, 0x00, 0x00, 0x18, 0x02, 0x00, 0x00, 0x18, 0x02, 0x00, 0x00, 0x18, 0x02, 0x00, 0x00,
    0x18, 0x06, 0x00, 0x00, 0x18, 0x06, 0x00, 0x00, 0x18, 0x0e, 0x00, 0x00, 0x18, 0x0e, 0x00, 0x00,
    0x1f, 0xfc, 0x00, 0x00, 0x1f, 0xfe, 0x00, 0x00, 0x1f, 0xff, 0x00, 0x00, 0x18, 0x03, 0x00, 0x00,
    0x18, 0x03, 0x00, 0x00, 0x18, 0x01, 0x00, 0x00, 0x18, 0x01, 0x80, 0x00, 0x18, 0x01, 0x80, 0x00,
    0x18, 0x01, 0x80, 0x00, 0x18, 0x01, 0x80, 0x00, 0x18, 0x01, 0x80, 0x00, 0x18, 0x01, 0x80, 0x00,
    0x18, 0x01, 0x80, 0x00, 0x18, 0x01, 0x00, 0x00, 0x18, 0x03, 0x00, 0x00, 0x18, 0x03, 0x00, 0x00,
    0x1f, 0xfe, 0x00, 0x00, 0x1f, 0xfe, 0x00, 0x00, 0x1f, 0xfc, 0x00, 0x00, 0x00, 0x00, 0x00, 0x00,
    0x00, 0x00, 0x00, 0x00, 0x00, 0x00, 0x00, 0x00, 0x00, 0x00, 0x00, 0x00, 0x00, 0x00, 0x00, 0x00,
    0x00, 0x00, 0x00, 0x00, 0x00, 0x00, 0x00, 0x00, 0x00, 0x00, 0x00, 0x00, 0x00, 0x00, 0x00, 0x00,
    0x00, 0xf8, 0x00, 0x00, 0x01, 0xfe, 0x00, 0x00, 0x03, 0xff, 0x00, 0x00, 0x07, 0x0f, 0x00, 0x00,
    0x0e, 0x03, 0x80, 0x00, 0x1c, 0x01, 0x00, 0x00, 0x1c, 0x01, 0x00, 0x00, 0x18, 0x00, 0x00, 0x00,
    0x38, 0x00, 0x00, 0x00, 0x30, 0x00, 0x00, 0x00, 0x30, 0x00, 0x00, 0x00, 0x20, 0x00, 0x00, 0x00,
    0x20, 0x00, 0x00, 0x00, 0x60, 0x00, 0x00, 0x00, 0x60, 0x00, 0x00, 0x00, 0x60, 0x00, 0x00, 0x00,
    0x60, 0x00, 0x00, 0x00, 0x60, 0x00, 0x00, 0x00, 0x60, 0x00, 0x00, 0x00, 0x60, 0x00, 0x00, 0x00,
    0x60, 0x00, 0x00, 0x00, 0x60, 0x00, 0x00, 0x00, 0x20, 0x00, 0x00, 0x00, 0x20, 0x00, 0x00, 0x00,
    0x30, 0x00, 0x00, 0x00, 0x30, 0x00, 0x00, 0x00, 0x38, 0x00, 0x00, 0x00, 0x18, 0x00, 0x00, 0x00,
    0x1c, 0x00, 0x00, 0x00, 0x1c, 0x01, 0x00, 0x00, 0x0e, 0x03, 0x00, 0x00, 0x07, 0x07, 0x80, 0x00,
    0x03, 0xff, 0x00, 0x00, 0x01, 0xfe, 0x00, 0x00, 0x00, 0xf8, 0x00, 0x00, 0x00, 0x00, 0x00, 0x00,
    0x00, 0x00, 0x00, 0x00, 0x00, 0x00, 0x00, 0x00, 0x00, 0x00, 0x00, 0x00, 0x00, 0x00, 0x00, 0x00,
    0x00, 0x00, 0x00, 0x00, 0x00, 0x00, 0x00, 0x00, 0x00, 0x00, 0x00, 0x00, 0x00, 0x00, 0x00, 0x00,
    0x1f, 0xe0, 0x00, 0x00, 0x1f, 0xf8, 0x00, 0x00, 0x1f, 0xfc, 0x00, 0x00, 0x18, 0x1e, 0x00, 0x00,
    0x18, 0x0e, 0x00, 0x00, 0x18, 0x03, 0x00, 0x00, 0x18, 0x03, 0x00, 0x00, 0x18, 0x01, 0x80, 0x00,
    0x18, 0x01, 0x80, 0x00, 0x18, 0x00, 0x80, 0x00, 0x18, 0x00, 0xc0, 0x00, 0x18, 0x00, 0xc0, 0x00,
    0x18, 0x00, 0xc0, 0x00, 0x18, 0x00, 0xe0, 0x00, 0x18, 0x00, 0x60, 0x00, 0x18, 0x00, 0x60, 0x00,
    0x18, 0x00, 0x60, 0x00, 0x18, 0x00, 0x60, 0x00, 0x18, 0x00, 0x60, 0x00, 0x18, 0x00, 0x60, 0x00,
    0x18, 0x00, 0x60, 0x00, 0x18, 0x00, 0xe0, 0x00, 0x18, 0x00, 0xc0, 0x00, 0x18, 0x00, 0xc0, 0x00,
    0x18, 0x00, 0x80, 0x00, 0x18, 0x00, 0x80, 0x00, 0x18, 0x01, 0x80, 0x00, 0x18, 0x01, 0x80, 0x00,
    0x18, 0x03, 0x00, 0x00, 0x18, 0x03, 0x00, 0x00, 0x18, 0x0e, 0x00, 0x00, 0x18, 0x1e, 0x00, 0x00,
    0x1f, 0xfc, 0x00, 0x00, 0x1f, 0xf8, 0x00, 0x00, 0x1f, 0xe0, 0x00, 0x00, 0x00, 0x00, 0x00, 0x00,
    0x00, 0x00, 0x00, 0x00, 0x00, 0x00, 0x00, 0x00, 0x00, 0x00, 0x00, 0x00, 0x00, 0x00, 0x00, 0x00,
    0x00, 0x00, 0x00, 0x00, 0x00, 0x00, 0x00, 0x00, 0x00, 0x00, 0x00, 0x00, 0x00, 0x00, 0x00, 0x00,
    0x1f, 0xfe, 0x00, 0x00, 0x1f, 0xfe, 0x00, 0x00, 0x1f, 0xfe, 0x00, 0x00, 0x18, 0x00, 0x00, 0x00,
    0x18, 0x00, 0x00, 0x00, 0x18, 0x00, 0x00, 0x00, 0x18, 0x00, 0x00, 0x00, 0x18, 0x00, 0x00, 0x00,
    0x18, 0x00, 0x00, 0x00, 0x18, 0x00, 0x00, 0x00, 0x18, 0x00, 0x00, 0x00, 0x18, 0x00, 0x00, 0x00,
    0x18, 0x00, 0x00, 0x00, 0x18, 0x00, 0x00, 0x00, 0x18, 0x00, 0x00, 0x00, 0x18, 0x00, 0x00, 0x00,
    0x1f, 0xfc, 0x00, 0x00, 0x1f, 0xfc, 0x00, 0x00, 0x1f, 0xfc, 0x00, 0x00, 0x18, 0x00, 0x00, 0x00,
    0x18, 0x00, 0x00, 0x00, 0x18, 0x00, 0x00, 0x00, 0x18, 0x00, 0x00, 0x00, 0x18, 0x00, 0x00, 0x00,
    0x18, 0x00, 0x00, 0x00, 0x18, 0x00, 0x00, 0x00, 0x18, 0x00, 0x00, 0x00, 0x18, 0x00, 0x00, 0x00,
    0x18, 0x00, 0x00, 0x00, 0x18, 0x00, 0x00, 0x00, 0x18, 0x00, 0x00, 0x00, 0x18, 0x00, 0x00, 0x00,
    0x1f, 0xfe, 0x00, 0x00, 0x1f, 0xfe, 0x00, 0x00, 0x1f, 0xfe, 0x00, 0x00, 0x00, 0x00, 0x00, 0x00,
    0x00, 0x00, 0x00, 0x00, 0x00, 0x00, 0x00, 0x00, 0x00, 0x00, 0x00, 0x00, 0x00, 0x00, 0x00, 0x00,
    0x00, 0x00, 0x00, 0x00, 0x00, 0x00, 0x00, 0x00, 0x00, 0x00, 0x00, 0x00, 0x00, 0x00, 0x00, 0x00,
    0x1f, 0xfe, 0x00, 0x00, 0x1f, 0xfe, 0x00, 0x00, 0x1f, 0xfe, 0x00, 0x00, 0x18, 0x00, 0x00, 0x00,
    0x18, 0x00, 0x00, 0x00, 0x18, 0x00, 0x00, 0x00, 0x18, 0x00, 0x00, 0x00, 0x18, 0x00, 0x00, 0x00,
    0x18, 0x00, 0x00, 0x00, 0x18, 0x00, 0x00, 0x00, 0x18, 0x00, 0x00, 0x00, 0x18, 0x00, 0x00, 0x00,
    0x18, 0x00, 0x00, 0x00, 0x18, 0x00, 0x00, 0x00, 0x18, 0x00, 0x00, 0x00, 0x18, 0x00, 0x00, 0x00,
    0x1f, 0xfc, 0x00, 0x00, 0x1f, 0xfc, 0x00, 0x00, 0x1f, 0xfc, 0x00, 0x00, 0x18, 0x00, 0x00, 0x00,
    0x18, 0x00, 0x00, 0x00, 0x18, 0x00, 0x00, 0x00, 0x18, 0x00, 0x00, 0x00, 0x18, 0x00, 0x00, 0x00,
    0x18, 0x00, 0x00, 0x00, 0x18, 0x00, 0x00, 0x00, 0x18, 0x00, 0x00, 0x00, 0x18, 0x00, 0x00, 0x00,
    0x18, 0x00, 0x00, 0x00, 0x18, 0x00, 0x00, 0x00, 0x18, 0x00, 0x00, 0x00, 0x18, 0x00, 0x00, 0x00,
    0x18, 0x00, 0x00, 0x00, 0x18, 0x00, 0x00, 0x00, 0x18, 0x00, 0x00, 0x00, 0x00, 0x00, 0x00, 0x00,
    0x00, 0x00, 0x00, 0x00, 0x00, 0x00, 0x00, 0x00, 0x00, 0x00, 0x00, 0x00, 0x00, 0x00, 0x00, 0x00,
    0x00, 0x00, 0x00, 0x00, 0x00, 0x00, 0x00, 0x00, 0x00, 0x00, 0x00, 0x00, 0x00, 0x00, 0x00, 0x00,
    0x00, 0x7c, 0x00, 0x00, 0x01, 0xfe, 0x00, 0x00, 0x03, 0xff, 0x00, 0x00, 0x03, 0x83, 0x80, 0x00,
    0x07, 0x01, 0xc0, 0x00, 0x0e, 0x00, 0x80, 0x00, 0x0c, 0x00, 0x00, 0x00, 0x1c, 0x00, 0x00, 0x00,
    0x18, 0x00, 0x00, 0x00, 0x18, 0x00, 0x00, 0x00, 0x38, 0x00, 0x00, 0x00, 0x30, 0x00, 0x00, 0x00,
    0x30, 0x00, 0x00, 0x00, 0x30, 0x00, 0x00, 0x00, 0x20, 0x00, 0x00, 0x00, 0x20, 0x00, 0x00, 0x00,
    0x20, 0x00, 0x00, 0x00, 0x20, 0x0f, 0xe0, 0x00, 0x20, 0x0f, 0xe0, 0x00, 0x20, 0x0f, 0xe0, 0x00,
    0x20, 0x00, 0x60, 0x00, 0x30, 0x00, 0x60, 0x00, 0x30, 0x00, 0x60, 0x00, 0x30, 0x00, 0x60, 0x00,
    0x38, 0x00, 0x60, 0x00, 0x18, 0x00, 0x60, 0x00, 0x18, 0x00, 0x60, 0x00, 0x1c, 0x00, 0x60, 0x00,
    0x0c, 0x00, 0x60, 0x00, 0x06, 0x00, 0xe0, 0x00, 0x07, 0x01, 0xc0, 0x00, 0x03, 0xc3, 0x80, 0x00,
    0x01, 0xff, 0x00, 0x00, 0x00, 0xfe, 0x00, 0x00, 0x00, 0x7c, 0x00, 0x00, 0x00, 0x00, 0x00, 0x00,
    0x00, 0x00, 0x00, 0x00, 0x00, 0x00, 0x00, 0x00, 0x00, 0x00, 0x00, 0x00, 0x00, 0x00, 0x00, 0x00,
    0x00, 0x00, 0x00, 0x00, 0x00, 0x00, 0x00, 0x00, 0x00, 0x00, 0x00, 0x00, 0x00, 0x00, 0x00, 0x00,
    0x18, 0x01, 0x00, 0x00, 0x18, 0x01, 0x00, 0x00, 0x18, 0x01, 0x00, 0x00, 0x18, 0x01, 0x00, 0x00,
    0x18, 0x01, 0x00, 0x00, 0x18, 0x01, 0x00, 0x00, 0x18, 0x01, 0x00, 0x00, 0x18, 0x01, 0x00, 0x00,
    0x18, 0x01, 0x00, 0x00, 0x18, 0x01, 0x00, 0x00, 0x18, 0x01, 0x00, 0x00, 0x18, 0x01, 0x00, 0x00,
    0x18, 0x01, 0x00, 0x00, 0x18, 0x01, 0x00, 0x00, 0x18, 0x01, 0x00, 0x00, 0x18, 0x01, 0x00, 0x00,
    0x1f, 0xff, 0x00, 0x00, 0x1f, 0xff, 0x00, 0x00, 0x1f, 0xff, 0x00, 0x00, 0x18, 0x01, 0x00, 0x00,
    0x18, 0x01, 0x00, 0x00, 0x18, 0x01, 0x00, 0x00, 0x18, 0x01, 0x00, 0x00, 0x18, 0x01, 0x00, 0x00,
    0x18, 0x01, 0x00, 0x00, 0x18, 0x01, 0x00, 0x00, 0x18, 0x01, 0x00, 0x00, 0x18, 0x01, 0x00, 0x00,
    0x18, 0x01, 0x00, 0x00, 0x18, 0x01, 0x00, 0x00, 0x18, 0x01, 0x00, 0x00, 0x18, 0x01, 0x00, 0x00,
    0x18, 0x01, 0x00, 0x00, 0x18, 0x01, 0x00, 0x00, 0x18, 0x01, 0x00, 0x00, 0x00, 0x00, 0x00, 0x00,
    0x00, 0x00, 0x00, 0x00, 0x00, 0x00, 0x00, 0x00, 0x00, 0x00, 0x00, 0x00, 0x00, 0x00, 0x00, 0x00,
    0x00, 0x00, 0x00, 0x00, 0x00, 0x00, 0x00, 0x00, 0x00, 0x00, 0x00, 0x00, 0x00, 0x00, 0x00, 0x00,
    0x18, 0x00, 0x00, 0x00, 0x18, 0x00, 0x00, 0x00, 0x18, 0x00, 0x00, 0x00, 0x18, 0x00, 0x00, 0x00,
    0x18, 0x00, 0x00, 0x00, 0x18, 0x00, 0x00, 0x00, 0x18, 0x00, 0x00, 0x00, 0x18, 0x00, 0x00, 0x00,
    0x18, 0x00, 0x00, 0x00, 0x18, 0x00, 0x00, 0x00, 0x18, 0x00, 0x00, 0x00, 0x18, 0x00, 0x00, 0x00,
    0x18, 0x00, 0x00, 0x00, 0x18, 0x00, 0x00, 0x00, 0x18, 0x00, 0x00, 0x00, 0x18, 0x00, 0x00, 0x00,
    0x18, 0x00, 0x00, 0x00, 0x18, 0x00, 0x00, 0x00, 0x18, 0x00, 0x00, 0x00, 0x18, 0x00, 0x00, 0x00,
    0x18, 0x00, 0x00, 0x00, 0x18, 0x00, 0x00, 0x00, 0x18, 0x00, 0x00, 0x00, 0x18, 0x00, 0x00, 0x00,
    0x18, 0x00, 0x00, 0x00, 0x18, 0x00, 0x00, 0x00, 0x18, 0x00, 0x00, 0x00, 0x18, 0x00, 0x00, 0x00,
    0x18, 0x00, 0x00, 0x00, 0x18, 0x00, 0x00, 0x00, 0x18, 0x00, 0x00, 0x00, 0x18, 0x00, 0x00, 0x00,
    0x18, 0x00, 0x00, 0x00, 0x18, 0x00, 0x00, 0x00, 0x18, 0x00, 0x00, 0x00, 0x00, 0x00, 0x00, 0x00,
    0x00, 0x00, 0x00, 0x00, 0x00, 0x00, 0x00, 0x00, 0x00, 0x00, 0x00, 0x00, 0x00, 0x00, 0x00, 0x00,
    0x00, 0x00, 0x00, 0x00, 0x00, 0x00, 0x00, 0x00, 0x00, 0x00, 0x00, 0x00, 0x00, 0x00, 0x00, 0x00,
    0x02, 0x00, 0x00, 0x00, 0x02, 0x00, 0x00, 0x00, 0x02, 0x00, 0x00, 0x00, 0x02, 0x00, 0x00, 0x00,
    0x02, 0x00, 0x00, 0x00, 0x02, 0x00, 0x00, 0x00, 0x02, 0x00, 0x00, 0x00, 0x02, 0x00, 0x00, 0x00,
    0x02, 0x00, 0x00, 0x00, 0x02, 0x00, 0x00, 0x00, 0x02, 0x00, 0x00, 0x00, 0x02, 0x00, 0x00, 0x00,
    0x02, 0x00, 0x00, 0x00, 0x02, 0x00, 0x00, 0x00, 0x02, 0x00, 0x00, 0x00, 0x02, 0x00, 0x00, 0x00,
    0x02, 0x00, 0x00, 0x00, 0x02, 0x00, 0x00, 0x00, 0x02, 0x00, 0x00, 0x00, 0x02, 0x00, 0x00, 0x00,
    0x02, 0x00, 0x00, 0x00, 0x02, 0x00, 0x00, 0x00, 0x02, 0x00, 0x00, 0x00, 0x02, 0x00, 0x00, 0x00,
    0x02, 0x00, 0x00, 0x00, 0x02, 0x00, 0x00, 0x00, 0x06, 0x00, 0x00, 0x00, 0x06, 0x00, 0x00, 0x00,
    0x06, 0x00, 0x00, 0x00, 0x06, 0x00, 0x00, 0x00, 0x0c, 0x00, 0x00, 0x00, 0x1c, 0x00, 0x00, 0x00,
    0x78, 0x00, 0x00, 0x00, 0x78, 0x00, 0x00, 0x00, 0x60, 0x00, 0x00, 0x00, 0x00, 0x00, 0x00, 0x00,
    0x00, 0x00, 0x00, 0x00, 0x00, 0x00, 0x00, 0x00, 0x00, 0x00, 0x00, 0x00, 0x00, 0x00, 0x00, 0x00,
    0x00, 0x00, 0x00, 0x00, 0x00, 0x00, 0x00, 0x00, 0x00, 0x00, 0x00, 0x00, 0x00, 0x00, 0x00, 0x00,
    0x18, 0x01, 0x80, 0x00, 0x18, 0x03, 0x00, 0x00, 0x18, 0x07, 0x00, 0x00, 0x18, 0x0e, 0x00, 0x00,
    0x18, 0x0e, 0x00, 0x00, 0x18, 0x1c, 0x00, 0x00, 0x18, 0x1c, 0x00, 0x00, 0x18, 0x38, 0x00, 0x00,
    0x18, 0x30, 0x00, 0x00, 0x18, 0x70, 0x00, 0x00, 0x18, 0xe0, 0x00, 0x00, 0x18, 0xc0, 0x00, 0x00,
    0x19, 0xc0, 0x00, 0x00, 0x19, 0x80, 0x00, 0x00, 0x1b, 0x00, 0x00, 0x00, 0x1b, 0x00, 0x00, 0x00,
    0x1e, 0x00, 0x00, 0x00, 0x1e, 0x00, 0x00, 0x00, 0x1b, 0x00, 0x00, 0x00, 0x1b, 0x00, 0x00, 0x00,
    0x19, 0x80, 0x00, 0x00, 0x19, 0xc0, 0x00, 0x00, 0x18, 0xc0, 0x00, 0x00, 0x18, 0xe0, 0x00, 0x00,
    0x18, 0x60, 0x00, 0x00, 0x18, 0x30, 0x00, 0x00, 0x18, 0x30, 0x00, 0x00, 0x18, 0x18, 0x00, 0x00,
    0x18, 0x1c, 0x00, 0x00, 0x18, 0x0c, 0x00, 0x00, 0x18, 0x0e, 0x00, 0x00, 0x18, 0x06, 0x00, 0x00,
    0x18, 0x03, 0x00, 0x00, 0x18, 0x03, 0x00, 0x00, 0x18, 0x01, 0x80, 0x00, 0x00, 0x00, 0x00, 0x00,
    0x00, 0x00, 0x00, 0x00, 0x00, 0x00, 0x00, 0x00, 0x00, 0x00, 0x00, 0x00, 0x00, 0x00, 0x00, 0x00,
    0x00, 0x00, 0x00, 0x00, 0x00, 0x00, 0x00, 0x00, 0x00, 0x00, 0x00, 0x00, 0x00, 0x00, 0x00, 0x00,
    0x60, 0x00, 0x00, 0x00, 0x60, 0x00, 0x00, 0x00, 0x60, 0x00, 0x00, 0x00, 0x60, 0x00, 0x00, 0x00,
    0x60, 0x00, 0x00, 0x00, 0x60, 0x00, 0x00, 0x00, 0x60, 0x00, 0x00, 0x00, 0x60, 0x00, 0x00, 0x00,
    0x60, 0x00, 0x00, 0x00, 0x60, 0x00, 0x00, 0x00, 0x60, 0x00, 0x00, 0x00, 0x60, 0x00, 0x00, 0x00,
    0x60, 0x00, 0x00, 0x00, 0x60, 0x00, 0x00, 0x00, 0x60, 0x00, 0x00, 0x00, 0x60, 0x00, 0x00, 0x00,
    0x60, 0x00, 0x00, 0x00, 0x60, 0x00, 0x00, 0x00, 0x60, 0x00, 0x00, 0x00, 0x60, 0x00, 0x00, 0x00,
    0x60, 0x00, 0x00, 0x00, 0x60, 0x00, 0x00, 0x00, 0x60, 0x00, 0x00, 0x00, 0x60, 0x00, 0x00, 0x00,
    0x60, 0x00, 0x00, 0x00, 0x60, 0x00, 0x00, 0x00, 0x60, 0x00, 0x00, 0x00, 0x60, 0x00, 0x00, 0x00,
    0x60, 0x00, 0x00, 0x00, 0x60, 0x00, 0x00, 0x00, 0x60, 0x00, 0x00, 0x00, 0x60, 0x00, 0x00, 0x00,
    0x7f, 0xfc, 0x00, 0x00, 0x7f, 0xfc, 0x00, 0x00, 0x7f, 0xfc, 0x00, 0x00, 0x00, 0x00, 0x00, 0x00,
    0x00, 0x00, 0x00, 0x00, 0x00, 0x00, 0x00, 0x00, 0x00, 0x00, 0x00, 0x00, 0x00, 0x00, 0x00, 0x00,
    0x00, 0x00, 0x00, 0x00, 0x00, 0x00, 0x00, 0x00, 0x00, 0x00, 0x00, 0x00, 0x00, 0x00, 0x00, 0x00,
    0x00, 0x00, 0x00, 0x00, 0x10, 0x00, 0x02, 0x00, 0x18, 0x00, 0x06, 0x00, 0x18, 0x00, 0x06, 0x00,
    0x1c, 0x00, 0x0e, 0x00, 0x1e, 0x00, 0x1e, 0x00, 0x1e, 0x00, 0x1e, 0x00, 0x1f, 0x00, 0x7e, 0x00,
    0x1b, 0x80, 0x76, 0x00, 0x1b, 0xc0, 0xf6, 0x00, 0x19, 0xc0, 0xe6, 0x00, 0x18, 0xe1, 0xc6, 0x00,
    0x18, 0xf3, 0x86, 0x00, 0x18, 0x73, 0x86, 0x00, 0x18, 0x3f, 0x06, 0x00, 0x18, 0x1e, 0x06, 0x00,
    0x18, 0x1e, 0x06, 0x00, 0x18, 0x0c, 0x06, 0x00, 0x18, 0x08, 0x06, 0x00, 0x18, 0x00, 0x06, 0x00,
    0x18, 0x00, 0x06, 0x00, 0x18, 0x00, 0x06, 0x00, 0x18, 0x00, 0x06, 0x00, 0x18, 0x00, 0x06, 0x00,
    0x18, 0x00, 0x06, 0x00, 0x18, 0x00, 0x06, 0x00, 0x18, 0x00, 0x06, 0x00, 0x18, 0x00, 0x06, 0x00,
    0x18, 0x00, 0x06, 0x00, 0x18, 0x00, 0x06, 0x00, 0x18, 0x00, 0x06, 0x00, 0x18, 0x00, 0x06, 0x00,
    0x18, 0x00, 0x06, 0x00, 0x18, 0x00, 0x06, 0x00, 0x18, 0x00, 0x06, 0x00, 0x00, 0x00, 0x00, 0x00,
    0x00, 0x00, 0x00, 0x00, 0x00, 0x00, 0x00, 0x00, 0x00, 0x00, 0x00, 0x00, 0x00, 0x00, 0x00, 0x00,
    0x00, 0x00, 0x00, 0x00, 0x00, 0x00, 0x00, 0x00, 0x00, 0x00, 0x00, 0x00, 0x00, 0x00, 0x00, 0x00,
    0x00, 0x00, 0x60, 0x00, 0x00, 0x00, 0x60, 0x00, 0x10, 0x00, 0x60, 0x00, 0x18, 0x00, 0x60, 0x00,
    0x18, 0x00, 0x60, 0x00, 0x1c, 0x00, 0x60, 0x00, 0x1c, 0x00, 0x60, 0x00, 0x1e, 0x00, 0x60, 0x00,
    0x1e, 0x00, 0x60, 0x00, 0x1f, 0x00, 0x60, 0x00, 0x1b, 0x00, 0x60, 0x00, 0x1b, 0x80, 0x60, 0x00,
    0x19, 0xc0, 0x60, 0x00, 0x19, 0xc0, 0x60, 0x00, 0x18, 0xe0, 0x60, 0x00, 0x18, 0xe0, 0x60, 0x00,
    0x18, 0x70, 0x60, 0x00, 0x18, 0x70, 0x60, 0x00, 0x18, 0x30, 0x60, 0x00, 0x18, 0x38, 0x60, 0x00,
    0x18, 0x1c, 0x60, 0x00, 0x18, 0x1c, 0x60, 0x00, 0x18, 0x0e, 0x60, 0x00, 0x18, 0x0e, 0x60, 0x00,
    0x18, 0x07, 0x60, 0x00, 0x18, 0x03, 0x60, 0x00, 0x18, 0x03, 0xe0, 0x00, 0x18, 0x01, 0xe0, 0x00,
    0x18, 0x01, 0xe0, 0x00, 0x18, 0x00, 0xe0, 0x00, 0x18, 0x00, 0xe0, 0x00, 0x18, 0x00, 0x60, 0x00,
    0x18, 0x00, 0x60, 0x00, 0x18, 0x00, 0x20, 0x00, 0x18, 0x00, 0x20, 0x00, 0x00, 0x00, 0x00, 0x00,
    0x00, 0x00, 0x00, 0x00, 0x00, 0x00, 0x00, 0x00, 0x00, 0x00, 0x00, 0x00, 0x00, 0x00, 0x00, 0x00,
    0x00, 0x00, 0x00, 0x00, 0x00, 0x00, 0x00, 0x00, 0x00, 0x00, 0x00, 0x00, 0x00, 0x00, 0x00, 0x00,
    0x00, 0xf8, 0x00, 0x00, 0x01, 0xfe, 0x00, 0x00, 0x03, 0xff, 0x00, 0x00, 0x07, 0x87, 0x00, 0x00,
    0x06, 0x03, 0x80, 0x00, 0x0c, 0x01, 0x80, 0x00, 0x1c, 0x00, 0xc0, 0x00, 0x18, 0x00, 0xe0, 0x00,
    0x38, 0x00, 0x60, 0x00, 0x30, 0x00, 0x60, 0x00, 0x30, 0x00, 0x70, 0x00, 0x20, 0x00, 0x30, 0x00,
    0x20, 0x00, 0x30, 0x00, 0x60, 0x00, 0x30, 0x00, 0x60, 0x00, 0x10, 0x00, 0x60, 0x00, 0x10, 0x00,
    0x60, 0x00, 0x10, 0x00, 0x60, 0x00, 0x10, 0x00, 0x60, 0x00, 0x10, 0x00, 0x60, 0x00, 0x10, 0x00,
    0x60, 0x00, 0x10, 0x00, 0x60, 0x00, 0x30, 0x00, 0x20, 0x00, 0x30, 0x00, 0x20, 0x00, 0x30, 0x00,
    0x30, 0x00, 0x70, 0x00, 0x30, 0x00, 0x60, 0x00, 0x38, 0x00, 0x60, 0x00, 0x18, 0x00, 0xe0, 0x00,
    0x1c, 0x00, 0xc0, 0x00, 0x0c, 0x01, 0x80, 0x00, 0x06, 0x03, 0x80, 0x00, 0x07, 0x07, 0x00, 0x00,
    0x03, 0xff, 0x00, 0x00, 0x01, 0xfe, 0x00, 0x00, 0x00, 0xf8, 0x00, 0x00, 0x00, 0x00, 0x00, 0x00,
    0x00, 0x00, 0x00, 0x00, 0x00, 0x00, 0x00, 0x00, 0x00, 0x00, 0x00, 0x00, 0x00, 0x00, 0x00, 0x00,
    0x00, 0x00, 0x00, 0x00, 0x00, 0x00, 0x00, 0x00, 0x00, 0x00, 0x00, 0x00, 0x00, 0x00, 0x00, 0x00,
    0x1f, 0xfe, 0x00, 0x00, 0x1f, 0xff, 0x00, 0x00, 0x1f, 0xff, 0x80, 0x00, 0x18, 0x03, 0x80, 0x00,
    0x18, 0x01, 0x80, 0x00, 0x18, 0x00, 0x80, 0x00, 0x18, 0x00, 0xc0, 0x00, 0x18, 0x00, 0xc0, 0x00,
    0x18, 0x00, 0xc0, 0x00, 0x18, 0x00, 0xc0, 0x00, 0x18, 0x00, 0xc0, 0x00, 0x18, 0x00, 0xc0, 0x00,
    0x18, 0x00, 0xc0, 0x00, 0x18, 0x00, 0x80, 0x00, 0x18, 0x01, 0x80, 0x00, 0x18, 0x03, 0x80, 0x00,
    0x1f, 0xff, 0x00, 0x00, 0x1f, 0xff, 0x00, 0x00, 0x1f, 0xfe, 0x00, 0x00, 0x18, 0x00, 0x00, 0x00,
    0x18, 0x00, 0x00, 0x00, 0x18, 0x00, 0x00, 0x00, 0x18, 0x00, 0x00, 0x00, 0x18, 0x00, 0x00, 0x00,
    0x18, 0x00, 0x00, 0x00, 0x18, 0x00, 0x00, 0x00, 0x18, 0x00, 0x00, 0x00, 0x18, 0x00, 0x00, 0x00,
    0x18, 0x00, 0x00, 0x00, 0x18, 0x00, 0x00, 0x00, 0x18, 0x00, 0x00, 0x00, 0x18, 0x00, 0x00, 0x00,
    0x18, 0x00, 0x00, 0x00, 0x18, 0x00, 0x00, 0x00, 0x18, 0x00, 0x00, 0x00, 0x00, 0x00, 0x00, 0x00,
    0x00, 0x00, 0x00, 0x00, 0x00, 0x00, 0x00, 0x00, 0x00, 0x00, 0x00, 0x00, 0x00, 0x00, 0x00, 0x00,
    0x00, 0x00, 0x00, 0x00, 0x00, 0x00, 0x00, 0x00, 0x00, 0x00, 0x00, 0x00, 0x00, 0x00, 0x00, 0x00,
    0x00, 0xf8, 0x00, 0x00, 0x01, 0xfe, 0x00, 0x00, 0x03, 0xff, 0x00, 0x00, 0x07, 0x0f, 0x00, 0x00,
    0x06, 0x03, 0x80, 0x00, 0x0c, 0x01, 0x80, 0x00, 0x1c, 0x00, 0xc0, 0x00, 0x18, 0x00, 0xe0, 0x00,
    0x38, 0x00, 0x60, 0x00, 0x30, 0x00, 0x60, 0x00, 0x30, 0x00, 0x70, 0x00, 0x20, 0x00, 0x30, 0x00,
    0x20, 0x00, 0x30, 0x00, 0x60, 0x00, 0x30, 0x00, 0x60, 0x00, 0x10, 0x00, 0x60, 0x00, 0x10, 0x00,
    0x60, 0x00, 0x10, 0x00, 0x60, 0x00, 0x10, 0x00, 0x60, 0x00, 0x10, 0x00, 0x60, 0x00, 0x10, 0x00,
    0x60, 0x00, 0x10, 0x00, 0x60, 0x00, 0x30, 0x00, 0x20, 0x00, 0x30, 0x00, 0x20, 0x00, 0x30, 0x00,
    0x30, 0x00, 0x60, 0x00, 0x30, 0x00, 0x60, 0x00, 0x38, 0x00, 0x60, 0x00, 0x18, 0x00, 0xe0, 0x00,
    0x1c, 0x00, 0xc0, 0x00, 0x0c, 0x01, 0x80, 0x00, 0x06, 0x03, 0x80, 0x00, 0x07, 0x87, 0x00, 0x00,
    0x03, 0xff, 0x00, 0x00, 0x01, 0xfe, 0x00, 0x00, 0x00, 0xfc, 0x00, 0x00, 0x00, 0x1c, 0x00, 0x00,
    0x00, 0x0e, 0x00, 0x00, 0x00, 0x0f, 0x00, 0x00, 0x00, 0x07, 0x00, 0x00, 0x00, 0x03, 0x80, 0x00,
    0x00, 0x00, 0x00, 0x00, 0x00, 0x00, 0x00, 0x00, 0x00, 0x00, 0x00, 0x00, 0x00, 0x00, 0x00, 0x00,
    0x1f, 0xfe, 0x00, 0x00, 0x1f, 0xff, 0x00, 0x00, 0x1f, 0xff, 0x80, 0x00, 0x18, 0x01, 0x80, 0x00,
    0x18, 0x01, 0x80, 0x00, 0x18, 0x00, 0x80, 0x00, 0x18, 0x00, 0xc0, 0x00, 0x18, 0x00, 0xc0, 0x00,
    0x18, 0x00, 0xc0, 0x00, 0x18, 0x00, 0xc0, 0x00, 0x18, 0x00, 0xc0, 0x00, 0x18, 0x00, 0xc0, 0x00,
    0x18, 0x00, 0xc0, 0x00, 0x18, 0x00, 0x80, 0x00, 0x18, 0x01, 0x80, 0x00, 0x18, 0x03, 0x80, 0x00,
    0x1f, 0xff, 0x00, 0x00, 0x1f, 0xff, 0x00, 0x00, 0x1f, 0xfe, 0x00, 0x00, 0x18, 0x1c, 0x00, 0x00,
    0x18, 0x1c, 0x00, 0x00, 0x18, 0x0c, 0x00, 0x00, 0x18, 0x0c, 0x00, 0x00, 0x18, 0x0e, 0x00, 0x00,
    0x18, 0x0e, 0x00, 0x00, 0x18, 0x06, 0x00, 0x00, 0x18, 0x03, 0x00, 0x00, 0x18, 0x03, 0x00, 0x00,
    0x18, 0x03, 0x00, 0x00, 0x18, 0x03, 0x00, 0x00, 0x18, 0x01, 0x80, 0x00, 0x18, 0x01, 0x80, 0x00,
    0x18, 0x01, 0x80, 0x00, 0x18, 0x01, 0x80, 0x00, 0x18, 0x00, 0xc0, 0x00, 0x00, 0x00, 0x00, 0x00,
    0x00, 0x00, 0x00, 0x00, 0x00, 0x00, 0x00, 0x00, 0x00, 0x00, 0x00, 0x00, 0x00, 0x00, 0x00, 0x00,
    0x00, 0x00, 0x00, 0x00, 0x00, 0x00, 0x00, 0x00, 0x00, 0x00, 0x00, 0x00, 0x00, 0x00, 0x00, 0x00,
    0x03, 0xc0, 0x00, 0x00, 0x07, 0xf0, 0x00, 0x00, 0x1f, 0xf8, 0x00, 0x00, 0x1c, 0x30, 0x00, 0x00,
    0x38, 0x10, 0x00, 0x00, 0x30, 0x00, 0x00, 0x00, 0x20, 0x00, 0x00, 0x00, 0x20, 0x00, 0x00, 0x00,
    0x20, 0x00, 0x00, 0x00, 0x20, 0x00, 0x00, 0x00, 0x20, 0x00, 0x00, 0x00, 0x30, 0x00, 0x00, 0x00,
    0x38, 0x00, 0x00, 0x00, 0x38, 0x00, 0x00, 0x00, 0x3e, 0x00, 0x00, 0x00, 0x1f, 0x00, 0x00, 0x00,
    0x1f, 0xc0, 0x00, 0x00, 0x07, 0xe0, 0x00, 0x00, 0x03, 0xf0, 0x00, 0x00, 0x00, 0xf0, 0x00, 0x00,
    0x00, 0x30, 0x00, 0x00, 0x00, 0x18, 0x00, 0x00, 0x00, 0x18, 0x00, 0x00, 0x00, 0x18, 0x00, 0x00,
    0x00, 0x18, 0x00, 0x00, 0x00, 0x18, 0x00, 0x00, 0x00, 0x18, 0x00, 0x00, 0x00, 0x18, 0x00, 0x00,
    0x00, 0x10, 0x00, 0x00, 0x00, 0x30, 0x00, 0x00, 0x00, 0x30, 0x00, 0x00, 0x38, 0xf0, 0x00, 0x00,
    0x3f, 0xe0, 0x00, 0x00, 0x1f, 0xc0, 0x00, 0x00, 0x07, 0x80, 0x00, 0x00, 0x00, 0x00, 0x00, 0x00,
    0x00, 0x00, 0x00, 0x00, 0x00, 0x00, 0x00, 0x00, 0x00, 0x00, 0x00, 0x00, 0x00, 0x00, 0x00, 0x00,
    0x00, 0x00, 0x00, 0x00, 0x00, 0x00, 0x00, 0x00, 0x00, 0x00, 0x00, 0x00, 0x00, 0x00, 0x00, 0x00,
    0x7f, 0xff, 0x00, 0x00, 0x7f, 0xff, 0x00, 0x00, 0x7f, 0xff, 0x00, 0x00, 0x01, 0x80, 0x00, 0x00,
    0x01, 0x80, 0x00, 0x00, 0x01, 0x80, 0x00, 0x00, 0x01, 0x80, 0x00, 0x00, 0x01, 0x80, 0x00, 0x00,
    0x01, 0x80, 0x00, 0x00, 0x01, 0x80, 0x00, 0x00, 0x01, 0x80, 0x00, 0x00, 0x01, 0x80, 0x00, 0x00,
    0x01, 0x80, 0x00, 0x00, 0x01, 0x80, 0x00, 0x00, 0x01, 0x80, 0x00, 0x00, 0x01, 0x80, 0x00, 0x00,
    0x01, 0x80, 0x00, 0x00, 0x01, 0x80, 0x00, 0x00, 0x01, 0x80, 0x00, 0x00, 0x01, 0x80, 0x00, 0x00,
    0x01, 0x80, 0x00, 0x00, 0x01, 0x80, 0x00, 0x00, 0x01, 0x80, 0x00, 0x00, 0x01, 0x80, 0x00, 0x00,
    0x01, 0x80, 0x00, 0x00, 0x01, 0x80, 0x00, 0x00, 0x01, 0x80, 0x00, 0x00, 0x01, 0x80, 0x00, 0x00,
    0x01, 0x80, 0x00, 0x00, 0x01, 0x80, 0x00, 0x00, 0x01, 0x80, 0x00, 0x00, 0x01, 0x80, 0x00, 0x00,
    0x01, 0x80, 0x00, 0x00, 0x01, 0x80, 0x00, 0x00, 0x01, 0x80, 0x00, 0x00, 0x00, 0x00, 0x00, 0x00,
    0x00, 0x00, 0x00, 0x00, 0x00, 0x00, 0x00, 0x00, 0x00, 0x00, 0x00, 0x00, 0x00, 0x00, 0x00, 0x00,
    0x00, 0x00, 0x00, 0x00, 0x00, 0x00, 0x00, 0x00, 0x00, 0x00, 0x00, 0x00, 0x00, 0x00, 0x00, 0x00,
    0x18, 0x01, 0x80, 0x00, 0x18, 0x01, 0x80, 0x00, 0x18, 0x01, 0x80, 0x00, 0x18, 0x01, 0x80, 0x00,
    0x18, 0x01, 0x80, 0x00, 0x18, 0x01, 0x80, 0x00, 0x18, 0x01, 0x80, 0x00, 0x18, 0x01, 0x80, 0x00,
    0x18, 0x01, 0x80, 0x00, 0x18, 0x01, 0x80, 0x00, 0x18, 0x01, 0x80, 0x00, 0x18, 0x01, 0x80, 0x00,
    0x18, 0x01, 0x80, 0x00, 0x18, 0x01, 0x80, 0x00, 0x18, 0x01, 0x80, 0x00, 0x18, 0x01, 0x80, 0x00,
    0x18, 0x01, 0x80, 0x00, 0x18, 0x01, 0x80, 0x00, 0x18, 0x01, 0x80, 0x00, 0x18, 0x01, 0x80, 0x00,
    0x18, 0x01, 0x80, 0x00, 0x18, 0x01, 0x80, 0x00, 0x18, 0x01, 0x80, 0x00, 0x18, 0x01, 0x80, 0x00,
    0x18, 0x01, 0x80, 0x00, 0x18, 0x01, 0x80, 0x00, 0x18, 0x01, 0x80, 0x00, 0x18, 0x01, 0x00, 0x00,
    0x1c, 0x03, 0x00, 0x00, 0x1c, 0x03, 0x00, 0x00, 0x0e, 0x07, 0x00, 0x00, 0x07, 0x0e, 0x00, 0x00,
    0x07, 0xfe, 0x00, 0x00, 0x03, 0xfc, 0x00, 0x00, 0x01, 0xf0, 0x00, 0x00, 0x00, 0x00, 0x00, 0x00,
    0x00, 0x00, 0x00, 0x00, 0x00, 0x00, 0x00, 0x00, 0x00, 0x00, 0x00, 0x00, 0x00, 0x00, 0x00, 0x00,
    0x00, 0x00, 0x00, 0x00, 0x00, 0x00, 0x00, 0x00, 0x00, 0x00, 0x00, 0x00, 0x00, 0x00, 0x00, 0x00,
    0x60, 0x00, 0x60, 0x00, 0x60, 0x00, 0x60, 0x00, 0x60, 0x00, 0xe0, 0x00, 0x30, 0x00, 0xe0, 0x00,
    0x30, 0x00, 0xc0, 0x00, 0x38, 0x00, 0xc0, 0x00, 0x38, 0x00, 0x80, 0x00, 0x18, 0x01, 0x80, 0x00,
    0x18, 0x01, 0x80, 0x00, 0x18, 0x01, 0x80, 0x00, 0x1c, 0x01, 0x00, 0x00, 0x0c, 0x03, 0x00, 0x00,
    0x0c, 0x03, 0x00, 0x00, 0x04, 0x03, 0x00, 0x00, 0x06, 0x03, 0x00, 0x00, 0x06, 0x06, 0x00, 0x00,
    0x06, 0x06, 0x00, 0x00, 0x06, 0x0e, 0x00, 0x00, 0x03, 0x0e, 0x00, 0x00, 0x03, 0x0c, 0x00, 0x00,
    0x03, 0x0c, 0x00, 0x00, 0x03, 0x1c, 0x00, 0x00, 0x01, 0x9c, 0x00, 0x00, 0x01, 0x98, 0x00, 0x00,
    0x01, 0xd8, 0x00, 0x00, 0x01, 0xf0, 0x00, 0x00, 0x00, 0xf0, 0x00, 0x00, 0x00, 0xf0, 0x00, 0x00,
    0x00, 0xf0, 0x00, 0x00, 0x00, 0xe0, 0x00, 0x00, 0x00, 0x60, 0x00, 0x00, 0x00, 0x60, 0x00, 0x00,
    0x00, 0x20, 0x00, 0x00, 0x00, 0x00, 0x00, 0x00, 0x00, 0x00, 0x00, 0x00, 0x00, 0x00, 0x00, 0x00,
    0x00, 0x00, 0x00, 0x00, 0x00, 0x00, 0x00, 0x00, 0x00, 0x00, 0x00, 0x00, 0x00, 0x00, 0x00, 0x00,
    0x00, 0x00, 0x00, 0x00, 0x00, 0x00, 0x00, 0x00, 0x00, 0x00, 0x00, 0x00, 0x00, 0x00, 0x00, 0x00,
    0x60, 0x18, 0x30, 0x0c, 0x60, 0x1c, 0x70, 0x0c, 0x70, 0x1c, 0x70, 0x0c, 0x30, 0x0c, 0x60, 0x1c,
    0x38, 0x0c, 0x60, 0x18, 0x38, 0x0e, 0xe0, 0x38, 0x38, 0x0e, 0xe0, 0x38, 0x18, 0x06, 0xc0, 0x38,
    0x1c, 0x07, 0xc0, 0x30, 0x1c, 0x03, 0x80, 0x70, 0x1c, 0x03, 0x80, 0x70, 0x0c, 0x03, 0x80, 0x70,
    0x0e, 0x01, 0x80, 0x60, 0x06, 0x03, 0x80, 0x60, 0x06, 0x03, 0x80, 0xc0, 0x06, 0x03, 0x80, 0xc0,
    0x06, 0x03, 0xc0, 0xc0, 0x03, 0x06, 0xc0, 0xc0, 0x03, 0x06, 0xe1, 0x80, 0x03, 0x0e, 0xe1, 0x80,
    0x03, 0x0e, 0xe1, 0x80, 0x01, 0x8c, 0x61, 0x80, 0x01, 0x8c, 0x73, 0x00, 0x01, 0xdc, 0x73, 0x00,
    0x01, 0xdc, 0x37, 0x00, 0x00, 0xd8, 0x37, 0x00, 0x00, 0xd8, 0x16, 0x00, 0x00, 0xf0, 0x1e, 0x00,
    0x00, 0xf0, 0x1e, 0x00, 0x00, 0x70, 0x1e, 0x00, 0x00, 0x70, 0x0c, 0x00, 0x00, 0x20, 0x0c, 0x00,
    0x00, 0x20, 0x08, 0x00, 0x00, 0x20, 0x08, 0x00, 0x00, 0x20, 0x08, 0x00, 0x00, 0x00, 0x00, 0x00,
    0x00, 0x00, 0x00, 0x00, 0x00, 0x00, 0x00, 0x00, 0x00, 0x00, 0x00, 0x00, 0x00, 0x00, 0x00, 0x00,
    0x00, 0x00, 0x00, 0x00, 0x00, 0x00, 0x00, 0x00, 0x00, 0x00, 0x00, 0x00, 0x00, 0x00, 0x00, 0x00,
    0x70, 0x00, 0xe0, 0x00, 0x38, 0x00, 0xc0, 0x00, 0x38, 0x01, 0xc0, 0x00, 0x38, 0x01, 0x80, 0x00,
    0x1c, 0x03, 0x80, 0x00, 0x1c, 0x03, 0x00, 0x00, 0x1c, 0x03, 0x00, 0x00, 0x0e, 0x07, 0x00, 0x00,
    0x06, 0x0e, 0x00, 0x00, 0x07, 0x0e, 0x00, 0x00, 0x07, 0x0c, 0x00, 0x00, 0x03, 0x1c, 0x00, 0x00,
    0x03, 0x9c, 0x00, 0x00, 0x01, 0x98, 0x00, 0x00, 0x01, 0xf0, 0x00, 0x00, 0x01, 0xf0, 0x00, 0x00,
    0x00, 0xf0, 0x00, 0x00, 0x00, 0xe0, 0x00, 0x00, 0x00, 0xf0, 0x00, 0x00, 0x01, 0xf0, 0x00, 0x00,
    0x01, 0xf0, 0x00, 0x00, 0x01, 0x98, 0x00, 0x00, 0x03, 0x9c, 0x00, 0x00, 0x03, 0x1c, 0x00, 0x00,
    0x07, 0x0c, 0x00, 0x00, 0x07, 0x0e, 0x00, 0x00, 0x06, 0x0e, 0x00, 0x00, 0x0e, 0x07, 0x00, 0x00,
    0x1c, 0x03, 0x00, 0x00, 0x1c, 0x03, 0x00, 0x00, 0x1c, 0x03, 0x80, 0x00, 0x38, 0x01, 0x80, 0x00,
    0x38, 0x01, 0xc0, 0x00, 0x38, 0x00, 0xc0, 0x00, 0x70, 0x00, 0xe0, 0x00, 0x00, 0x00, 0x00, 0x00,
    0x00, 0x00, 0x00, 0x00, 0x00, 0x00, 0x00, 0x00, 0x00, 0x00, 0x00, 0x00, 0x00, 0x00, 0x00, 0x00,
    0x00, 0x00, 0x00, 0x00, 0x00, 0x00, 0x00, 0x00, 0x00, 0x00, 0x00, 0x00, 0x00, 0x00, 0x00, 0x00,
    0x60, 0x01, 0xc0, 0x00, 0x60, 0x01, 0x80, 0x00, 0x30, 0x01, 0x80, 0x00, 0x38, 0x03, 0x00, 0x00,
    0x38, 0x03, 0x00, 0x00, 0x18, 0x03, 0x00, 0x00, 0x1c, 0x06, 0x00, 0x00, 0x1c, 0x0e, 0x00, 0x00,
    0x0e, 0x0e, 0x00, 0x00, 0x06, 0x0c, 0x00, 0x00, 0x06, 0x1c, 0x00, 0x00, 0x07, 0x1c, 0x00, 0x00,
    0x03, 0x18, 0x00, 0x00, 0x03, 0x30, 0x00, 0x00, 0x01, 0xb0, 0x00, 0x00, 0x01, 0xf0, 0x00, 0x00,
    0x01, 0xe0, 0x00, 0x00, 0x00, 0xe0, 0x00, 0x00, 0x00, 0xe0, 0x00, 0x00, 0x00, 0xc0, 0x00, 0x00,
    0x00, 0xc0, 0x00, 0x00, 0x00, 0xc0, 0x00, 0x00, 0x00, 0xc0, 0x00, 0x00, 0x00, 0xc0, 0x00, 0x00,
    0x00, 0xc0, 0x00, 0x00, 0x00, 0xc0, 0x00, 0x00, 0x00, 0xc0, 0x00, 0x00, 0x00, 0xc0, 0x00, 0x00,
    0x00, 0xc0, 0x00, 0x00, 0x00, 0xc0, 0x00, 0x00, 0x00, 0xc0, 0x00, 0x00, 0x00, 0xc0, 0x00, 0x00,
    0x00, 0xc0, 0x00, 0x00, 0x00, 0xc0, 0x00, 0x00, 0x00, 0xc0, 0x00, 0x00, 0x00, 0x00, 0x00, 0x00,
    0x00, 0x00, 0x00, 0x00, 0x00, 0x00, 0x00, 0x00, 0x00, 0x00, 0x00, 0x00, 0x00, 0x00, 0x00, 0x00,
    0x00, 0x00, 0x00, 0x00, 0x00, 0x00, 0x00, 0x00, 0x00, 0x00, 0x00, 0x00, 0x00, 0x00, 0x00, 0x00,
    0x3f, 0xff, 0xe0, 0x00, 0x3f, 0xff, 0xe0, 0x00, 0x3f, 0xff, 0xc0, 0x00, 0x00, 0x01, 0x80, 0x00,
    0x00, 0x01, 0x80, 0x00, 0x00, 0x03, 0x80, 0x00, 0x00, 0x03, 0x00, 0x00, 0x00, 0x07, 0x00, 0x00,
    0x00, 0x0e, 0x00, 0x00, 0x00, 0x0e, 0x00, 0x00, 0x00, 0x0e, 0x00, 0x00, 0x00, 0x1c, 0x00, 0x00,
    0x00, 0x1c, 0x00, 0x00, 0x00, 0x18, 0x00, 0x00, 0x00, 0x38, 0x00, 0x00, 0x00, 0x30, 0x00, 0x00,
    0x00, 0x70, 0x00, 0x00, 0x00, 0xe0, 0x00, 0x00, 0x00, 0xe0, 0x00, 0x00, 0x00, 0xe0, 0x00, 0x00,
    0x01, 0xc0, 0x00, 0x00, 0x01, 0xc0, 0x00, 0x00, 0x01, 0x80, 0x00, 0x00, 0x03, 0x80, 0x00, 0x00,
    0x03, 0x00, 0x00, 0x00, 0x07, 0x00, 0x00, 0x00, 0x06, 0x00, 0x00, 0x00, 0x06, 0x00, 0x00, 0x00,
    0x0e, 0x00, 0x00, 0x00, 0x1c, 0x00, 0x00, 0x00, 0x1c, 0x00, 0x00, 0x00, 0x18, 0x00, 0x00, 0x00,
    0x3f, 0xff, 0xc0, 0x00, 0x3f, 0xff, 0xc0, 0x00, 0x7f, 0xff, 0xc0, 0x00, 0x00, 0x00, 0x00, 0x00,
    0x00, 0x00, 0x00, 0x00, 0x00, 0x00, 0x00, 0x00, 0x00, 0x00, 0x00, 0x00, 0x00, 0x00, 0x00, 0x00,
    0x00, 0x00, 0x00, 0x00, 0x00, 0x00, 0x00, 0x00, 0x00, 0x00, 0x00, 0x00, 0x00, 0x00, 0x00, 0x00,
    0x00, 0x00, 0x00, 0x00, 0x00, 0x00, 0x00, 0x00, 0x00, 0x00, 0x00, 0x00, 0x00, 0x00, 0x00, 0x00,
    0x00, 0x00, 0x00, 0x00, 0x00, 0x00, 0x00, 0x00, 0x00, 0x00, 0x00, 0x00, 0x00, 0x00, 0x00, 0x00,
    0x00, 0x00, 0x00, 0x00, 0x00, 0x00, 0x00, 0x00, 0x00, 0x00, 0x00, 0x00, 0x00, 0x00, 0x00, 0x00,
    0x00, 0x00, 0x00, 0x00, 0x00, 0x00, 0x00, 0x00, 0x00, 0x00, 0x00, 0x00, 0x00, 0x00, 0x00, 0x00,
    0x00, 0x00, 0x00, 0x00, 0x00, 0x00, 0x00, 0x00, 0x00, 0x00, 0x00, 0x00, 0x00, 0x00, 0x00, 0x00,
    0x00, 0x00, 0x00, 0x00, 0x00, 0x00, 0x00, 0x00, 0x00, 0x00, 0x00, 0x00, 0x00, 0x00, 0x00, 0x00,
    0x00, 0x00, 0x00, 0x00, 0x00, 0x00, 0x00, 0x00, 0x00, 0x00, 0x00, 0x00, 0x00, 0x00, 0x00, 0x00,
    0x00, 0x00, 0x00, 0x00, 0x00, 0x00, 0x00, 0x00, 0x00, 0x00, 0x00, 0x00, 0x00, 0x00, 0x00, 0x00,
    0x00, 0x00, 0x00, 0x00, 0x00, 0x00, 0x00, 0x00, 0x00, 0x00, 0x00, 0x00, 0x00, 0x00, 0x00, 0x00,
    0x00, 0x00, 0x00, 0x00, 0x00, 0x00, 0x00, 0x00, 0x00, 0x00, 0x00, 0x00, 0x00, 0x00, 0x00, 0x00,
};

static const bitmap_font_t s_share_tech_mono_46 = {
    .width = 31,
    .height = 44,
    .stride = 4,
    .data = s_share_tech_mono_46_data,
};

static const bitmap_font_t *const s_share_tech_mono_fonts[] = {
    &s_share_tech_mono_12,
    &s_share_tech_mono_18,
    &s_share_tech_mono_30,
    &s_share_tech_mono_46,
};
